Name,year_start,year_end,Position,Height,Weight,birth_date,College
Alaa Abdelnaby,1991,1995,F-C,6-10,240,"June 24, 1968",Duke University
Zaid Abdul-Aziz,1969,1978,C-F,6-9,235,"April 7, 1946",Iowa State University
Kareem Abdul-Jabbar,1970,1989,C,7-2,225,"April 16, 1947","University of California, Los Angeles"
Mahmoud Abdul-Rauf,1991,2001,G,6-1,162,"March 9, 1969",Louisiana State University
Tariq Abdul-Wahad,1998,2003,F,6-6,223,"November 3, 1974",San Jose State University
Shareef Abdur-Rahim,1997,2008,F,6-9,225,"December 11, 1976",University of California
Tom Abernethy,1977,1981,F,6-7,220,"May 6, 1954",Indiana University
Forest Able,1957,1957,G,6-3,180,"July 27, 1932",Western Kentucky University
John Abramovic,1947,1948,F,6-3,195,"February 9, 1919",Salem International University
Alex Abrines,2017,2018,G-F,6-6,190,"August 1, 1993",
Alex Acker,2006,2009,G,6-5,185,"January 21, 1983",Pepperdine University
Don Ackerman,1954,1954,G,6-0,183,"September 4, 1930",Long Island University
Mark Acres,1988,1993,F-C,6-11,220,"November 15, 1962",Oral Roberts University
Bud Acton,1968,1968,F,6-6,210,"January 11, 1942",Hillsdale College
Quincy Acy,2013,2018,F,6-7,240,"October 6, 1990",Baylor University
Alvan Adams,1976,1988,C-F,6-9,210,"July 19, 1954",University of Oklahoma
Don Adams,1971,1977,F,6-6,210,"November 27, 1947",Northwestern University
George Adams,1973,1975,F-G,6-5,210,"May 15, 1949",Gardner-Webb University
Hassan Adams,2007,2009,G,6-4,220,"June 20, 1984",University of Arizona
Jordan Adams,2015,2016,G,6-5,209,"July 8, 1994","University of California, Los Angeles"
Michael Adams,1986,1996,G,5-10,162,"January 19, 1963",Boston College
Steven Adams,2014,2018,C,7-0,255,"July 20, 1993",University of Pittsburgh
Rafael Addison,1987,1997,F-G,6-7,215,"July 22, 1964",Syracuse University
Bam Adebayo,2018,2018,C-F,6-10,243,"July 18, 1997",University of Kentucky
Rick Adelman,1969,1975,G,6-1,175,"June 16, 1946",Loyola Marymount University
Jeff Adrien,2011,2015,F,6-7,245,"February 10, 1986",University of Connecticut
Arron Afflalo,2008,2018,G,6-5,210,"October 15, 1985","University of California, Los Angeles"
Maurice Ager,2007,2011,G,6-5,202,"February 9, 1984",Michigan State University
Mark Aguirre,1982,1994,F-G,6-6,232,"December 10, 1959",DePaul University
Blake Ahearn,2008,2012,G,6-2,190,"May 27, 1984",Missouri State University
Danny Ainge,1982,1995,G,6-4,175,"March 17, 1959",Brigham Young University
Matthew Aitch,1968,1968,F,6-7,230,"September 21, 1944",Michigan State University
Alexis Ajinca,2009,2017,C,7-2,248,"May 6, 1988",
Henry Akin,1967,1969,C-F,6-10,225,"July 31, 1944",Morehead State University
Josh Akognon,2013,2013,G,5-11,185,"February 10, 1986","California State University, Fullerton"
Solomon Alabi,2011,2012,C,7-1,251,"March 21, 1988",Florida State University
Mark Alarie,1987,1991,F,6-8,217,"December 11, 1963",Duke University
Gary Alcorn,1960,1961,C,6-9,225,"October 8, 1936","California State University, Fresno"
Furkan Aldemir,2015,2015,F-C,6-10,240,"August 9, 1991",
Cole Aldrich,2011,2018,C,6-11,250,"October 31, 1988",University of Kansas
LaMarcus Aldridge,2007,2018,F-C,6-11,260,"July 19, 1985",University of Texas at Austin
Chuck Aleksinas,1985,1985,C,6-11,260,"February 26, 1959",University of Connecticut
Cliff Alexander,2016,2016,F,6-8,245,"November 16, 1995",University of Kansas
Cory Alexander,1996,2005,G,6-1,185,"June 22, 1973",University of Virginia
Courtney Alexander,2001,2003,G,6-5,205,"April 27, 1977","California State University, Fresno"
Gary Alexander,1994,1994,F,6-7,240,"November 1, 1969",University of South Florida
Joe Alexander,2009,2010,F,6-8,230,"December 26, 1986",West Virginia University
Victor Alexander,1992,2002,C-F,6-9,265,"August 31, 1969",Iowa State University
Steve Alford,1988,1991,G,6-2,183,"November 23, 1964",Indiana University
Bill Allen,1968,1968,C-F,6-8,205,,New Mexico State University
Bob Allen,1969,1969,F,6-9,205,"July 17, 1946",Marshall University
Jarrett Allen,2018,2018,F-C,6-10,234,"April 21, 1998",University of Texas at Austin
Jerome Allen,1996,1997,G,6-4,184,"January 28, 1973",University of Pennsylvania
Kadeem Allen,2018,2018,G,6-3,192,"January 15, 1993",University of Arizona
Lavoy Allen,2012,2017,F-C,6-9,260,"February 4, 1989",Temple University
Lucius Allen,1970,1979,G,6-2,175,"September 26, 1947","University of California, Los Angeles"
Malik Allen,2002,2011,F-C,6-10,255,"June 27, 1978",Villanova University
Randy Allen,1989,1990,F,6-8,220,"January 26, 1965",Florida State University
Ray Allen,1997,2014,G,6-5,205,"July 20, 1975",University of Connecticut
Tony Allen,2005,2018,G-F,6-4,213,"January 11, 1982",Oklahoma State University
Willie Allen,1972,1972,F,6-6,230,"February 8, 1949",University of Miami
Odis Allison,1972,1972,F,6-6,195,"October 2, 1949","University of Nevada, Las Vegas"
Lance Allred,2008,2008,C,6-11,250,"February 2, 1981",Weber State University
Darrell Allums,1981,1981,F,6-9,220,"September 12, 1958","University of California, Los Angeles"
Morris Almond,2008,2012,G,6-6,225,"February 2, 1985",Rice University
Derrick Alston,1995,1997,F,6-11,225,"August 20, 1972",Duquesne University
Rafer Alston,2000,2010,G,6-2,171,"July 24, 1976","California State University, Fresno"
Peter Aluma,1999,1999,C,6-10,260,"April 23, 1973",Liberty University
John Amaechi,1996,2003,C-F,6-10,270,"November 26, 1970",Pennsylvania State University
Ashraf Amaya,1996,1997,F,6-8,230,"November 23, 1971",Southern Illinois University
Al-Farouq Aminu,2011,2018,F,6-9,220,"September 21, 1990",Wake Forest University
Lou Amundson,2007,2016,F,6-9,220,"December 7, 1982","University of Nevada, Las Vegas"
Bob Anderegg,1960,1960,F-G,6-3,200,"August 24, 1937",Michigan State University
Chris Andersen,2002,2017,F-C,6-10,245,"July 7, 1978",Blinn College
David Andersen,2010,2011,C,6-11,245,"June 23, 1980",
Alan Anderson,2006,2017,G-F,6-6,220,"October 16, 1982",Michigan State University
Andrew Anderson,1968,1970,G,6-2,184,"July 6, 1945",Canisius College
Antonio Anderson,2010,2010,G,6-6,215,"June 5, 1985",University of Memphis
Cliff Anderson,1968,1971,G-F,6-2,200,"September 7, 1944",Saint Joseph's University
Dan Anderson,1968,1969,C,6-10,230,"February 15, 1943",Augsburg College
Dan Anderson,1975,1976,G,6-2,185,"January 1, 1951",University of Southern California
Derek Anderson,1998,2008,G,6-5,194,"July 18, 1974",University of Kentucky
Dwight Anderson,1983,1983,G,6-3,185,"December 28, 1960",University of Southern California
Eric Anderson,1993,1994,F,6-9,220,"May 26, 1970",Indiana University
Greg Anderson,1988,1998,F-C,6-10,230,"June 22, 1964",University of Houston
J.J. Anderson,1983,1985,F,6-8,195,"September 23, 1960",Bradley University
James Anderson,2011,2016,G-F,6-6,213,"March 25, 1989",Oklahoma State University
Jerome Anderson,1976,1977,G,6-5,195,"October 9, 1953",West Virginia University
Justin Anderson,2016,2018,G,6-6,228,"November 19, 1993",University of Virginia
Kenny Anderson,1992,2005,G,6-0,168,"October 9, 1970",Georgia Institute of Technology
Kim Anderson,1979,1979,F,6-7,200,"May 12, 1955",University of Missouri
Kyle Anderson,2015,2018,F-G,6-9,230,"September 20, 1993","University of California, Los Angeles"
Michael Anderson,1989,1989,G,5-11,184,"March 23, 1966",Drexel University
Nick Anderson,1990,2002,F-G,6-6,205,"January 20, 1968",University of Illinois at Urbana-Champaign
Richard Anderson,1983,1990,F-C,6-10,240,"November 19, 1960","University of California, Santa Barbara"
Ron Anderson,1985,1994,F-G,6-7,215,"October 15, 1958","California State University, Fresno"
Ryan Anderson,2009,2018,F,6-10,240,"May 6, 1988",University of California
Shandon Anderson,1997,2006,F-G,6-6,208,"December 31, 1973",University of Georgia
Willie Anderson,1989,1997,G-F,6-7,190,"January 8, 1967",University of Georgia
Wally Anderzunas,1970,1970,C-F,6-7,220,"January 11, 1946",Creighton University
Martynas Andriuskevicius,2006,2006,C,7-2,240,"March 12, 1986",
Don Anielak,1955,1955,F,6-7,190,"November 1, 1930",Missouri State University
Ike Anigbogu,2018,2018,F-C,6-10,252,"October 22, 1998","University of California, Los Angeles"
Michael Ansley,1990,1992,F,6-7,225,"February 8, 1967",University of Alabama
Chris Anstey,1998,2000,C,7-0,249,"January 1, 1975",
Giannis Antetokounmpo,2014,2018,F-G,6-11,222,"December 6, 1994",
Thanasis Antetokounmpo,2016,2016,F,6-7,205,"July 17, 1992",
Carmelo Anthony,2004,2018,F,6-8,240,"May 29, 1984",Syracuse University
Greg Anthony,1992,2002,G,6-0,176,"November 15, 1967","University of Nevada, Las Vegas"
Joel Anthony,2008,2017,C,6-9,245,"August 9, 1982","University of Nevada, Las Vegas"
Pero Antic,2014,2015,C-F,6-11,260,"July 29, 1982",
OG Anunoby,2018,2018,F,6-8,232,"July 17, 1997",Indiana University
Keith Appling,2016,2016,G,6-1,185,"February 13, 1992",Michigan State University
Rafael Araujo,2005,2007,C,6-11,280,"August 12, 1980",Brigham Young University
Stacey Arceneaux,1962,1962,F,6-4,210,"February 17, 1936",Iowa State University
Robert Archibald,2003,2004,F,6-11,250,"March 29, 1980",University of Illinois at Urbana-Champaign
Tiny Archibald,1971,1984,G,6-1,150,"September 2, 1948",University of Texas at El Paso
Ryan Arcidiacono,2018,2018,G,6-3,188,"March 26, 1994",Villanova University
Jim Ard,1971,1978,F-C,6-8,215,"September 19, 1948",University of Cincinnati
Gilbert Arenas,2002,2012,G,6-3,191,"January 6, 1982",University of Arizona
Trevor Ariza,2005,2018,F,6-8,215,"June 30, 1985","University of California, Los Angeles"
Paul Arizin,1951,1962,F-G,6-4,190,"April 9, 1928",Villanova University
Joe Arlauckas,1988,1988,F,6-9,230,"July 20, 1965",Niagara University
B.J. Armstrong,1990,2000,G,6-2,175,"September 9, 1967",University of Iowa
Bob Armstrong,1957,1957,C-F,6-8,220,"June 17, 1933",Michigan State University
Brandon Armstrong,2002,2004,G,6-5,188,"June 16, 1980",Pepperdine University
Curly Armstrong,1949,1951,G-F,5-11,170,"November 1, 1918",Indiana University
Darrell Armstrong,1995,2008,G,6-0,170,"June 22, 1968",Fayetteville State University
Hilton Armstrong,2007,2014,F-C,6-11,235,"November 11, 1984",University of Connecticut
Tate Armstrong,1978,1979,G,6-3,175,"October 5, 1955",Duke University
Jesse Arnelle,1956,1956,F,6-5,220,"December 30, 1933",Pennsylvania State University
Jay Arnette,1964,1966,G,6-2,175,"December 19, 1938",University of Texas at Austin
Bob Arnzen,1970,1974,F,6-5,205,"November 3, 1947",University of Notre Dame
Carlos Arroyo,2002,2011,G,6-2,202,"July 30, 1979",Florida International University
Darrell Arthur,2009,2018,F,6-9,235,"March 25, 1988",University of Kansas
John Arthurs,1970,1970,G,6-4,185,"August 15, 1947",Tulane University
Jamel Artis,2018,2018,G-F,6-7,213,"January 12, 1993",University of Pittsburgh
Omer Asik,2011,2018,C,7-0,255,"July 4, 1986",
Vincent Askew,1988,1998,G-F,6-6,210,"February 28, 1966",University of Memphis
Keith Askins,1991,1999,G-F,6-7,197,"December 15, 1967",University of Alabama
Don Asmonga,1954,1954,G,6-2,185,"February 15, 1928",Alliance College
Dick Atha,1956,1958,G,6-2,190,"September 21, 1931",Indiana State University
Chucky Atkins,2000,2010,G,5-11,160,"August 14, 1974",University of South Florida
Al Attles,1961,1971,G,6-0,175,"November 7, 1936",North Carolina Agricultural and Technical State University
Chet Aubuchon,1947,1947,G,5-10,137,"May 18, 1916",Michigan State University
Stacey Augmon,1992,2006,F-G,6-8,205,"August 1, 1968","University of Nevada, Las Vegas"
D.J. Augustin,2009,2018,G,6-0,183,"November 10, 1987",University of Texas at Austin
James Augustine,2007,2008,F,6-10,235,"February 27, 1984",University of Illinois at Urbana-Champaign
Isaac Austin,1992,2002,C,6-10,255,"August 18, 1969",Arizona State University
Johnny Austin,1967,1968,G,6-0,170,"August 31, 1944",Boston College
Ken Austin,1984,1984,F,6-9,205,"July 15, 1961",Rice University
Anthony Avent,1993,2000,F,6-9,235,"October 18, 1969",Seton Hall University
Bird Averitt,1974,1978,G,6-1,170,"July 22, 1952",Pepperdine University
William Avery,2000,2002,G,6-2,197,"August 8, 1979",Duke University
Dennis Awtrey,1971,1982,C,6-10,235,"February 22, 1948",Santa Clara University
Gustavo Ayon,2012,2014,C,6-10,250,"April 1, 1985",
Jeff Ayres,2010,2016,F,6-9,240,"April 29, 1987",Arizona State University
Kelenna Azubuike,2007,2012,G,6-5,220,"December 16, 1983",University of Kentucky
Chris Babb,2014,2014,G,6-5,225,"February 14, 1990",Iowa State University
Luke Babbitt,2011,2018,F,6-9,225,"June 20, 1989","University of Nevada, Reno"
Milos Babic,1991,1992,C-F,7-0,240,"November 23, 1968",Tennessee Technological University
Johnny Bach,1949,1949,F-G,6-2,180,"July 10, 1924",Fordham University
Dwayne Bacon,2018,2018,G,6-6,222,"August 30, 1995",Florida State University
Henry Bacon,1973,1973,G,6-3,205,"July 5, 1948",University of Louisville
Jim Baechtold,1953,1957,F-G,6-4,205,"December 9, 1927",Eastern Kentucky University
Dalibor Bagaric,2001,2003,C,7-1,255,"February 7, 1980",
John Bagley,1983,1994,G,6-0,185,"April 23, 1960",Boston College
Carl Bailey,1982,1982,C,7-0,210,"April 23, 1958",Tuskegee University
Gus Bailey,1975,1980,G-F,6-5,185,"February 18, 1951",University of Texas at El Paso
James Bailey,1980,1988,F-C,6-9,220,"May 21, 1957",Rutgers University
Thurl Bailey,1984,1999,F-C,6-11,215,"April 7, 1961",North Carolina State University
Toby Bailey,1999,2000,G,6-6,213,"November 19, 1975","University of California, Los Angeles"
Cameron Bairstow,2015,2016,F-C,6-9,250,"December 7, 1990",University of New Mexico
Jimmie Baker,1976,1976,F,6-9,220,"December 25, 1953",University of Hawaii
LaMark Baker,1999,1999,G,6-1,175,"November 11, 1969",Ohio State University
Maurice Baker,2005,2005,G,6-1,175,"July 28, 1979",Oklahoma State University
Norm Baker,1947,1947,G,6-0,180,"February 17, 1923",
Ron Baker,2017,2018,G,6-4,220,"March 30, 1993",Wichita State University
Vin Baker,1994,2006,F,6-11,232,"November 23, 1971",University of Hartford
Wade Baldwin,2017,2017,G,6-4,202,"March 29, 1996",Vanderbilt University
Renaldo Balkman,2007,2012,F,6-8,208,"July 14, 1984",University of South Carolina
Cedric Ball,1991,1991,F,6-8,210,"April 16, 1968",University of North Carolina at Charlotte
Lonzo Ball,2018,2018,G,6-6,190,"October 27, 1997","University of California, Los Angeles"
Greg Ballard,1978,1989,F,6-7,215,"January 29, 1955",University of Oregon
Herschel Baltimore,1947,1947,F,6-4,195,"June 21, 1921",Pennsylvania State University
Gene Banks,1982,1987,F-G,6-7,215,"May 15, 1959",Duke University
Marcus Banks,2004,2011,G,6-2,200,"November 19, 1981","University of Nevada, Las Vegas"
Walker Banks,1971,1971,C,6-10,205,"August 26, 1947",Western Kentucky University
Ken Bannister,1985,1991,F-C,6-9,235,"April 1, 1960",Saint Augustine's College
Mike Bantom,1974,1982,F-C,6-9,200,"December 3, 1951",Saint Joseph's University
John Barber,1957,1957,F,6-6,210,"June 27, 1927","California State University, Los Angeles"
Leandro Barbosa,2004,2017,G,6-3,194,"November 28, 1982",
Steve Bardo,1992,1996,G,6-5,190,"April 5, 1968",University of Illinois at Urbana-Champaign
J.J. Barea,2007,2018,G,6-0,185,"June 26, 1984",Northeastern University
Andrea Bargnani,2007,2016,F-C,7-0,245,"October 26, 1985",
Cliff Barker,1950,1952,G,6-2,185,"January 15, 1921",University of Kentucky
Tom Barker,1977,1979,C-F,6-11,225,"March 11, 1955",University of Hawaii
Charles Barkley,1985,2000,F,6-6,252,"February 20, 1963",Auburn University
Erick Barkley,2001,2002,G,6-1,177,"February 21, 1978",St. John's University
Don Barksdale,1952,1955,F-C,6-6,200,"March 31, 1923","University of California, Los Angeles"
Harrison Barnes,2013,2018,F,6-8,210,"May 30, 1992",University of North Carolina
Harry Barnes,1969,1969,F,6-3,205,"July 25, 1945",Northeastern University
Jim Barnes,1965,1971,C-F,6-8,210,"April 13, 1941",University of Texas at El Paso
Marvin Barnes,1975,1980,F-C,6-8,210,"July 27, 1952",Providence College
Matt Barnes,2004,2017,F,6-7,226,"March 9, 1980","University of California, Los Angeles"
Dick Barnett,1960,1974,G-F,6-4,190,"October 2, 1936",Tennessee State University
Jim Barnett,1967,1977,G-F,6-4,170,"July 7, 1944",University of Oregon
Nathaniel Barnett,1976,1976,G,6-3,175,"January 29, 1953",University of Akron
John Barnhill,1963,1972,G,6-1,180,"March 20, 1938",Tennessee State University
Norton Barnhill,1977,1977,G,6-4,205,"July 15, 1953",Washington State University
Leo Barnhorst,1950,1954,F-G,6-4,190,"May 11, 1924",University of Notre Dame
John Barr,1947,1947,F,6-3,205,"August 8, 1918",Pennsylvania State University
Mike Barr,1973,1977,G,6-3,180,"October 19, 1950",Duquesne University
Moe Barr,1971,1971,G,6-4,195,"June 19, 1944",Duquesne University
Andre Barrett,2005,2008,G,5-10,172,"February 21, 1982",Seton Hall University
Ernie Barrett,1954,1956,G-F,6-3,180,"August 27, 1929",Kansas State University
Mike Barrett,1970,1973,G,6-2,155,"September 5, 1943",West Virginia University Institute of Technology
Earl Barron,2006,2015,C,7-0,250,"August 14, 1981",University of Memphis
Dana Barros,1990,2004,G,5-11,163,"April 13, 1967",Boston College
Brent Barry,1996,2009,G,6-6,185,"December 31, 1971",Oregon State University
Drew Barry,1998,2000,G,6-5,191,"February 17, 1973",Georgia Institute of Technology
Jon Barry,1993,2006,G,6-4,195,"July 25, 1969",Georgia Institute of Technology
Rick Barry,1966,1980,F,6-7,205,"March 28, 1944",University of Miami
Ed Bartels,1950,1951,F,6-5,195,"October 8, 1925",North Carolina State University
Vic Bartolome,1972,1972,C,7-0,230,"September 29, 1948",Oregon State University
Will Barton,2013,2018,G,6-6,175,"January 6, 1991",University of Memphis
Eddie Basden,2006,2006,G,6-5,215,"February 15, 1983",University of North Carolina at Charlotte
Jerry Baskerville,1976,1976,F,6-7,190,"November 10, 1951",Temple University
Brandon Bass,2006,2017,F,6-8,250,"April 30, 1985",Louisiana State University
Tim Bassett,1974,1980,F-C,6-8,225,"April 1, 1951",University of Georgia
Maceo Baston,2003,2009,F,6-9,215,"May 29, 1975",University of Michigan
Mengke Bateer,2002,2004,C,6-11,290,"November 20, 1975",
Billy Ray Bates,1980,1983,G,6-4,210,"May 31, 1956",Kentucky State University
Esteban Batista,2006,2007,F-C,6-10,270,"September 2, 1983",
Mike Batiste,2003,2003,F,6-8,225,"November 21, 1977",Arizona State University
Tony Battie,1998,2012,C-F,6-11,230,"February 11, 1976",Texas Tech University
Shane Battier,2002,2014,F,6-8,220,"September 9, 1978",Duke University
John Battle,1986,1995,G,6-2,175,"November 9, 1962",Rutgers University
Kenny Battle,1990,1993,F,6-6,210,"October 10, 1964",University of Illinois at Urbana-Champaign
Dave Batton,1983,1984,C,6-10,240,"March 26, 1956",University of Notre Dame
Lloyd Batts,1975,1975,G-F,6-4,185,"May 9, 1951",University of Cincinnati
Nicolas Batum,2009,2018,F-G,6-8,200,"December 14, 1988",
Johnny Baum,1970,1974,F,6-5,200,"June 17, 1946",Temple University
Frankie Baumholtz,1947,1947,G,5-10,170,"October 7, 1918",Ohio University
Lonny Baxter,2003,2006,F,6-8,260,"January 27, 1979",University of Maryland
Jerryd Bayless,2009,2018,G,6-3,200,"August 20, 1988",University of Arizona
Elgin Baylor,1959,1972,F,6-5,225,"September 16, 1934",Seattle University
Howard Bayne,1968,1968,F,6-6,235,"July 28, 1942",University of Tennessee
Aron Baynes,2013,2018,C,6-10,260,"December 9, 1986",Washington State University
Sergei Bazarevich,1995,1995,G,6-2,168,"March 16, 1965",
Kent Bazemore,2013,2018,G-F,6-5,201,"July 1, 1989",Old Dominion University
Ed Beach,1951,1951,F,6-3,200,"January 25, 1929",West Virginia University
Bradley Beal,2013,2018,G,6-5,207,"June 28, 1993",University of Florida
Al Beard,1968,1968,C,6-9,200,"April 27, 1942",Norfolk State University
Butch Beard,1970,1979,G,6-3,185,"May 4, 1947",University of Louisville
Ralph Beard,1950,1951,G,5-10,175,"December 2, 1927",University of Kentucky
Charles Beasley,1968,1971,G-F,6-5,190,"September 23, 1945",Southern Methodist University
Jerome Beasley,2004,2004,F,6-10,237,"May 17, 1980",University of North Dakota
John Beasley,1968,1974,F-C,6-9,225,"February 5, 1944",Texas A&M University
Malik Beasley,2017,2018,G,6-5,196,"November 26, 1996",Florida State University
Michael Beasley,2009,2018,F,6-9,235,"January 9, 1989",Kansas State University
Zelmo Beaty,1963,1975,C,6-9,225,"October 25, 1939",Prairie View A&M University
Rodrigue Beaubois,2010,2013,G,6-0,170,"February 24, 1988",
Byron Beck,1968,1977,C-F,6-9,225,"January 25, 1945",University of Denver
Corey Beck,1996,1999,G,6-1,190,"May 27, 1971",University of Arkansas
Ernie Beck,1954,1961,G-F,6-4,190,"December 11, 1931",University of Pennsylvania
Arthur Becker,1968,1973,F,6-7,205,"January 12, 1942",Arizona State University
Moe Becker,1947,1947,G-F,6-1,185,"February 24, 1917",Duquesne University
Bob Bedell,1968,1971,F,6-7,205,"June 26, 1944",Stanford University
William Bedford,1987,1993,C,7-0,225,"December 14, 1963",University of Memphis
Hank Beenders,1947,1949,C-F,6-6,185,"June 2, 1916",Long Island University
Ron Behagen,1974,1980,F-C,6-9,185,"January 14, 1951",University of Minnesota
Elmer Behnke,1952,1952,C,6-7,210,"February 3, 1929",Bradley University
Marco Belinelli,2008,2018,G-F,6-5,210,"March 25, 1986",
Charlie Bell,2002,2011,G,6-3,200,"March 12, 1979",Michigan State University
Dennis Bell,1974,1976,F,6-5,185,"June 2, 1951",Drake University
Jordan Bell,2018,2018,F,6-9,224,"January 7, 1995",University of Oregon
Raja Bell,2001,2012,G,6-5,204,"September 19, 1976",Florida International University
Troy Bell,2004,2004,G,6-1,180,"November 10, 1980",Boston College
Whitey Bell,1960,1961,G,6-0,180,"September 13, 1932",North Carolina State University
Walt Bellamy,1962,1975,C,6-11,225,"July 24, 1939",Indiana University
DeAndre' Bembry,2017,2018,F,6-6,210,"July 4, 1994",Saint Joseph's University
Irv Bemoras,1954,1957,F-G,6-3,185,"November 18, 1930",University of Illinois at Urbana-Champaign
Leon Benbow,1975,1976,G,6-4,185,"July 23, 1950",Jacksonville University
Dragan Bender,2017,2018,F,7-1,225,"November 17, 1997",
Jonathan Bender,2000,2010,F,6-11,202,"January 30, 1981",
Jerrelle Benimon,2015,2015,F,6-8,245,"August 1, 1991",Towson University
Benoit Benjamin,1986,2000,C,7-0,250,"November 22, 1964",Creighton University
Corey Benjamin,1999,2003,G,6-6,200,"February 24, 1978",Oregon State University
Anthony Bennett,2014,2017,F,6-8,245,"March 14, 1993","University of Nevada, Las Vegas"
Elmer Bennett,1995,1997,G,6-0,170,"February 13, 1970",University of Notre Dame
Mario Bennett,1996,2000,F,6-6,235,"August 1, 1973",Arizona State University
Mel Bennett,1976,1982,F,6-7,200,"January 4, 1955",University of Pittsburgh
Spider Bennett,1969,1969,G,6-3,190,"August 4, 1943",Winston-Salem State University
Tony Bennett,1993,1995,G,6-0,175,"June 1, 1969",University of Wisconsin-Green Bay
Winston Bennett,1990,1992,F,6-7,210,"February 9, 1965",University of Kentucky
David Benoit,1992,2001,F,6-8,220,"May 9, 1968",University of Alabama
Keith Benson,2012,2012,C,6-11,240,"August 13, 1988",Oakland University
Kent Benson,1978,1988,C,6-10,235,"December 27, 1954",Indiana University
Ben Bentil,2017,2017,F,6-9,235,"March 29, 1995",Providence College
Gene Berce,1950,1950,G-F,5-11,175,"November 22, 1926",Marquette University
Gary Bergen,1957,1957,C,6-8,210,"July 16, 1932",University of Utah
Larry Bergh,1970,1970,F,6-8,210,"April 2, 1945",Weber State University
Ricky Berry,1989,1989,F,6-8,205,"October 6, 1964",San Jose State University
Walter Berry,1987,1989,F,6-8,215,"May 14, 1964",St. John's University
Davis Bertans,2017,2018,F,6-10,210,"November 12, 1992",
Del Beshore,1979,1980,G,5-11,165,"November 29, 1956",California University of Pennslyvania
Travis Best,1996,2005,G,5-11,182,"July 12, 1972",Georgia Institute of Technology
Patrick Beverley,2013,2018,G,6-1,185,"July 12, 1988",University of Arkansas
Sim Bhullar,2015,2015,C,7-5,360,"December 2, 1992",New Mexico State University
Wesley Bialosuknia,1968,1968,G,6-2,185,"June 8, 1945",University of Connecticut
Al Bianchi,1957,1966,G,6-3,185,"March 26, 1932",Bowling Green State University
Hank Biasatti,1947,1947,G,5-11,175,"January 14, 1922",Long Island University
Henry Bibby,1973,1981,G,6-1,185,"November 24, 1949","University of California, Los Angeles"
Mike Bibby,1999,2012,G,6-1,190,"May 13, 1978",University of Arizona
Ed Biedenbach,1969,1969,G,6-1,175,"August 12, 1945",North Carolina State University
Andris Biedrins,2005,2014,C,6-11,240,"April 2, 1986",
Don Bielke,1956,1956,C,6-7,240,,Valparaiso University
Bob Bigelow,1976,1979,F-G,6-7,215,"December 26, 1953",University of Pennsylvania
Lionel Billingy,1975,1975,F-C,6-9,215,"August 31, 1952",Duquesne University
Chauncey Billups,1998,2014,G,6-3,202,"September 25, 1976",University of Colorado
Dave Bing,1967,1978,G,6-3,180,"November 24, 1943",Syracuse University
Joe Binion,1987,1987,F,6-8,235,"March 26, 1961",North Carolina Agricultural and Technical State University
Khem Birch,2018,2018,C-F,6-9,220,"September 28, 1992","University of Nevada, Las Vegas"
Jabari Bird,2018,2018,G,6-6,197,"July 3, 1994",University of California
Jerry Bird,1959,1959,F,6-6,210,"February 2, 1935",University of Kentucky
Larry Bird,1980,1992,F,6-9,220,"December 7, 1956",Indiana State University
Otis Birdsong,1978,1989,G,6-3,190,"December 9, 1955",University of Houston
Gale Bishop,1949,1949,F,6-3,195,"June 4, 1922",Washington State University
Bismack Biyombo,2012,2018,C-F,6-9,255,"August 28, 1992",
Nemanja Bjelica,2016,2018,F,6-10,240,"May 9, 1988",
Uwe Blab,1986,1990,C,7-1,252,"March 26, 1962",Indiana University
Charlie Black,1949,1952,F-C,6-5,200,"June 15, 1921",University of Kansas
Norman Black,1981,1981,G,6-5,185,"November 12, 1957",Saint Joseph's University
Tarik Black,2015,2018,C-F,6-9,250,"November 22, 1991",University of Kansas
Tom Black,1971,1971,C,6-10,220,"July 9, 1941",South Dakota State University
Rolando Blackman,1982,1994,G,6-6,190,"February 26, 1959",Kansas State University
Alex Blackwell,1993,1993,F,6-6,250,"June 27, 1970",Monmouth University
Cory Blackwell,1985,1985,F,6-6,210,"March 27, 1963",University of Wisconsin
James Blackwell,1995,1995,G,6-0,190,"February 25, 1968",Dartmouth College
Nate Blackwell,1988,1988,G,6-4,170,"February 15, 1965",Temple University
DeJuan Blair,2010,2016,F-C,6-7,270,"April 22, 1989",University of Pittsburgh
Steve Blake,2004,2016,G,6-3,172,"February 26, 1980",University of Maryland
Antonio Blakeney,2018,2018,G,6-4,197,"October 4, 1996",Louisiana State University
Will Blalock,2007,2007,G,6-0,205,"September 8, 1983",Iowa State University
George Blaney,1962,1962,G,6-1,175,"November 12, 1939",College of the Holy Cross
Lance Blanks,1991,1993,G,6-4,190,"September 9, 1966",University of Texas at Austin
Ricky Blanton,1993,1993,F,6-7,215,"April 21, 1966",Louisiana State University
Andray Blatche,2006,2014,F,6-11,235,"August 22, 1986",
Mookie Blaylock,1990,2002,G,6-0,180,"March 20, 1967",University of Oklahoma
Eric Bledsoe,2011,2018,G,6-1,205,"December 9, 1989",University of Kentucky
Leon Blevins,1951,1951,G,6-2,160,"June 25, 1926",University of Arizona
John Block,1967,1976,F-C,6-9,207,"April 16, 1944",University of Southern California
Mike Bloom,1948,1949,F-C,6-6,190,"January 14, 1915",Temple University
Corie Blount,1994,2004,F,6-9,240,"January 4, 1969",University of Cincinnati
Mark Blount,2001,2009,C,7-0,230,"November 30, 1975",University of Pittsburgh
Vander Blue,2014,2018,G,6-4,200,"July 17, 1992",Marquette University
Ray Blume,1982,1982,G,6-4,185,"September 23, 1958",Oregon State University
Nelson Bobb,1950,1953,G,6-0,170,"February 25, 1924",Temple University
Tony Bobbitt,2005,2005,G,6-4,190,"October 22, 1979",University of Cincinnati
Bucky Bockhorn,1959,1965,G,6-4,200,"July 8, 1933",University of Dayton
Tom Boerwinkle,1969,1978,C,7-0,265,"August 23, 1945",University of Tennessee
Keith Bogans,2004,2014,G-F,6-5,215,"May 12, 1980",University of Kentucky
Bogdan Bogdanovic,2018,2018,G,6-6,205,"August 18, 1992",
Bojan Bogdanovic,2015,2018,G-F,6-8,216,"April 18, 1989",
Muggsy Bogues,1988,2001,G,5-3,136,"January 9, 1965",Wake Forest University
Andrew Bogut,2006,2018,C,7-0,260,"November 28, 1984",University of Utah
Etdrick Bohannon,1998,2001,F,6-9,220,"May 29, 1973",Auburn University at Montgomery
Manute Bol,1986,1995,C,7-7,200,"October 16, 1962",University of Bridgeport
Bill Bolger,1954,1954,F,6-5,205,"August 21, 1931",Georgetown University
Joel Bolomboy,2017,2018,F,6-9,235,"January 28, 1994",Weber State University
Doug Bolstorff,1958,1958,G,6-4,195,"October 29, 1931",University of Minnesota
George Bon Salle,1962,1962,F,6-8,220,"July 1, 1935",University of Illinois at Urbana-Champaign
Phil Bond,1978,1978,G,6-2,175,"July 27, 1954",University of Louisville
Walter Bond,1993,1995,G,6-5,200,"February 1, 1969",University of Minnesota
Dexter Boney,1997,1997,G,6-4,185,"April 27, 1970","University of Nevada, Las Vegas"
Ron Bonham,1965,1968,F,6-5,192,"May 31, 1942",University of Cincinnati
Anthony Bonner,1991,1996,F,6-8,215,"June 8, 1968",Saint Louis University
Matt Bonner,2005,2016,F,6-10,235,"April 5, 1980",University of Florida
Butch Booker,1970,1970,C,6-10,230,"July 20, 1945",Cheyney University of Pennsylvania
Devin Booker,2016,2018,G,6-6,206,"October 30, 1996",University of Kentucky
Melvin Booker,1996,1997,G,6-1,185,"August 20, 1972",University of Missouri
Trevor Booker,2011,2018,F,6-8,228,"November 25, 1987",Clemson University
Josh Boone,2007,2010,F-C,6-10,237,"November 21, 1984",University of Connecticut
Ron Boone,1969,1981,G-F,6-2,200,"September 6, 1946",Idaho State University
Calvin Booth,2000,2009,C,6-11,230,"May 7, 1976",Pennsylvania State University
Keith Booth,1998,1999,F,6-6,226,"October 9, 1974",University of Maryland
Bob Boozer,1961,1971,F,6-8,215,"April 26, 1937",Kansas State University
Carlos Boozer,2003,2015,F-C,6-9,258,"November 20, 1981",Duke University
Curtis Borchardt,2004,2005,C,7-0,240,"September 13, 1980",Stanford University
Jake Bornheimer,1949,1950,F-C,6-5,200,"June 29, 1927",Muhlenberg College
Lazaro Borrell,2000,2000,F,6-8,220,"September 20, 1972",
Ike Borsavage,1951,1951,C-F,6-8,220,"July 25, 1924",Temple University
Vince Boryla,1950,1954,F,6-5,210,"March 11, 1927",University of Denver
Chris Bosh,2004,2016,F-C,6-11,235,"March 24, 1984",Georgia Institute of Technology
Jim Bostic,1978,1978,F,6-7,225,"January 28, 1953",New Mexico State University
Lawrence Boston,1980,1980,F,6-8,225,"May 18, 1956",University of Maryland
Tom Boswell,1976,1984,F-C,6-9,220,"October 2, 1953",University of South Carolina
Ruben Boumtje-Boumtje,2002,2004,C,7-0,257,"May 20, 1978",Georgetown University
Don Boven,1950,1953,F-G,6-4,210,"March 6, 1925",Western Michigan University
Cal Bowdler,2000,2002,F,6-10,245,"March 31, 1977",Old Dominion University
Bruce Bowen,1997,2009,F,6-7,185,"June 14, 1971","California State University, Fullerton"
Ryan Bowen,2000,2010,F,6-7,215,"November 20, 1975",University of Iowa
Tommie Bowens,1968,1970,F-C,6-8,220,"July 7, 1940",Grambling State University
Anthony Bowie,1989,1998,G-F,6-6,190,"November 9, 1963",University of Oklahoma
Sam Bowie,1985,1995,C-F,7-1,235,"March 17, 1961",University of Kentucky
Orbie Bowling,1968,1968,C,6-10,215,"March 21, 1939",University of Tennessee
Ira Bowman,2000,2002,G,6-5,195,"June 11, 1973",University of Pennsylvania
Nate Bowman,1967,1972,C,6-10,230,"March 19, 1943",Wichita State University
Donnie Boyce,1996,1997,G,6-5,196,"September 2, 1973",University of Colorado
Dennis Boyd,1979,1979,G,6-1,175,"May 21, 1954",University of Detroit Mercy
Freddie Boyd,1973,1978,G,6-2,180,"June 13, 1950",Oregon State University
Ken Boyd,1975,1975,F,6-5,195,"March 25, 1952",Boston University
Earl Boykins,1999,2012,G,5-5,135,"June 2, 1976",Eastern Michigan University
Harry Boykoff,1950,1951,C,6-10,225,"July 24, 1922",St. John's University
Winford Boynes,1979,1981,G-F,6-6,185,"May 17, 1957",University of San Francisco
Cedric Bozeman,2007,2007,G,6-6,207,"March 7, 1983","University of California, Los Angeles"
Steve Bracey,1973,1975,G,6-1,175,"August 1, 1950",University of Tulsa
Craig Brackins,2011,2012,F,6-10,230,"October 9, 1987",Iowa State University
Gary Bradds,1965,1971,F,6-8,210,"July 26, 1942",Ohio State University
Alex Bradley,1982,1982,F,6-6,215,"October 30, 1959",Villanova University
Alonzo Bradley,1978,1980,F,6-6,190,"October 16, 1953",Texas Southern University
Avery Bradley,2011,2018,G,6-2,180,"November 26, 1990",University of Texas at Austin
Bill Bradley,1968,1968,G,5-11,165,"June 16, 1941",
Bill Bradley,1968,1977,F-G,6-5,205,"July 28, 1943",Princeton University
Charles Bradley,1982,1984,G,6-5,215,"May 16, 1959",University of Wyoming
Dudley Bradley,1980,1989,G-F,6-6,195,"March 19, 1957",University of North Carolina
Jim Bradley,1974,1976,F,6-8,215,"March 16, 1952",Northern Illinois University
Joe Bradley,1950,1950,G,6-3,175,"September 24, 1928",Oklahoma State University
Michael Bradley,2002,2006,F-C,6-10,245,"April 18, 1979",Villanova University
Shawn Bradley,1994,2005,C,7-6,235,"March 22, 1972",Brigham Young University
Tony Bradley,2018,2018,F-C,6-11,240,"January 8, 1998",University of North Carolina
Mark Bradtke,1997,1997,C-F,6-10,265,"September 27, 1968",
Marques Bragg,1996,1996,F,6-8,230,"March 24, 1970",Providence College
Torraye Braggs,2004,2005,F,6-8,245,"May 15, 1976",Xavier University
A.J. Bramlett,2000,2000,C,6-10,227,"January 10, 1977",University of Arizona
Adrian Branch,1987,1990,F-G,6-7,185,"November 17, 1963",University of Maryland
Elton Brand,2000,2016,F,6-8,275,"March 11, 1979",Duke University
Terrell Brandon,1992,2002,G,5-11,180,"May 20, 1970",University of Oregon
Bob Brannum,1950,1955,F-C,6-5,215,"May 28, 1925",Michigan State University
Brad Branson,1982,1983,C-F,6-10,220,"September 24, 1958",Southern Methodist University
Jesse Branson,1966,1968,F,6-7,195,"January 7, 1942",Elon University
Jim Brasco,1953,1953,G,6-1,170,"February 3, 1931",New York University
Mike Bratz,1978,1986,G,6-2,185,"October 17, 1955",Stanford University
Carl Braun,1948,1962,G-F,6-5,180,"September 25, 1927",Colgate University
Tim Breaux,1995,1998,F,6-7,215,"September 19, 1970",University of Wyoming
J.R. Bremer,2003,2004,G,6-2,185,"September 19, 1980",St. Bonaventure University
Pete Brennan,1959,1959,F,6-6,205,"September 23, 1936",University of North Carolina
Tom Brennan,1955,1955,F,6-3,195,"August 6, 1930",Villanova University
Randy Breuer,1984,1994,C,7-3,230,"October 11, 1960",University of Minnesota
Corey Brewer,2008,2018,F-G,6-9,186,"March 5, 1986",University of Florida
Jamison Brewer,2002,2005,G,6-4,184,"November 19, 1980",Auburn University
Jim Brewer,1974,1982,F-C,6-9,210,"December 3, 1951",University of Minnesota
Ron Brewer,1979,1986,G,6-4,180,"September 16, 1955",University of Arkansas
Ronnie Brewer,2007,2014,G-F,6-7,220,"March 20, 1985",University of Arkansas
Primoz Brezec,2002,2010,C,7-2,252,"October 2, 1979",
Frankie Brian,1950,1956,G,6-1,180,"May 1, 1923",Louisiana State University
Frank Brickowski,1985,1997,F-C,6-9,240,"August 14, 1959",Pennsylvania State University
Junior Bridgeman,1976,1987,F-G,6-5,210,"September 17, 1953",University of Louisville
Bill Bridges,1963,1975,F-C,6-6,228,"April 4, 1939",University of Kansas
Al Brightman,1947,1947,F,6-2,195,"September 22, 1923",University of Charleston
Aud Brindley,1947,1947,F,6-4,175,"December 31, 1923",Dartmouth College
John Brisker,1970,1975,F-G,6-5,210,"June 15, 1947",University of Toledo
Allan Bristow,1974,1983,F-G,6-7,210,"August 23, 1951",Virginia Polytechnic Institute and State University
Tyrone Britt,1968,1968,G,6-4,190,"April 18, 1944",Johnson C. Smith University
Wayman Britt,1978,1978,G,6-2,185,"August 31, 1952",University of Michigan
Mike Brittain,1986,1987,C,7-0,235,"June 21, 1963",University of South Carolina
Dave Britton,1981,1981,G,6-4,180,"August 29, 1958",Texas A&M University
Jon Brockman,2010,2012,F,6-7,255,"March 20, 1987",University of Washington
Jim Brogan,1982,1983,G,6-4,185,"February 24, 1958",West Virginia Wesleyan College
Malcolm Brogdon,2017,2018,G,6-5,215,"December 11, 1992",University of Virginia
Gary Brokaw,1975,1978,G,6-4,178,"January 11, 1954",University of Notre Dame
Price Brookfield,1949,1950,F-G,6-4,185,"May 11, 1920",West Texas A&M University
Clarence Brookins,1971,1971,F,6-4,190,,Temple University
Aaron Brooks,2008,2018,G,6-0,161,"January 14, 1985",University of Oregon
Dillon Brooks,2018,2018,G-F,6-6,220,"January 22, 1996",University of Oregon
Kevin Brooks,1992,1994,F,6-6,200,"October 12, 1969",University of Louisiana at Lafayette
MarShon Brooks,2012,2014,G-F,6-5,200,"January 26, 1989",Providence College
Michael Brooks,1981,1988,F,6-7,220,"August 17, 1958",La Salle University
Scott Brooks,1989,1998,G,5-11,165,"July 31, 1965","University of California, Irvine"
Andre Brown,2007,2009,F,6-9,245,"May 12, 1981",DePaul University
Anthony Brown,2016,2017,F-G,6-7,210,"October 10, 1992",Stanford University
Bob Brown,1949,1950,F,6-4,205,"November 12, 1923",Miami University
Bobby Brown,2009,2018,G,6-2,175,"September 24, 1984","California State University, Fullerton"
Chucky Brown,1990,2002,F,6-7,214,"February 29, 1968",North Carolina State University
Damone Brown,2002,2005,F,6-9,200,"June 28, 1979",Syracuse University
Darrell Brown,1949,1949,F,6-2,175,"March 14, 1923",Humboldt State University
Dee Brown,1991,2002,G,6-1,160,"November 29, 1968",Jacksonville University
Dee Brown,2007,2009,G,6-0,185,"August 17, 1984",University of Illinois at Urbana-Champaign
Derrick Brown,2010,2012,F,6-7,225,"September 8, 1987",Xavier University
Devin Brown,2003,2010,G,6-5,220,"December 30, 1978",University of Texas at San Antonio
Ernest Brown,2002,2002,C,7-0,244,"May 17, 1979",Indian Hills Community College
Fred Brown,1972,1984,G,6-3,182,"August 7, 1948",University of Iowa
George Brown,1958,1958,F,6-6,190,"October 30, 1935",Wayne State University
Gerald Brown,1999,1999,G,6-4,210,"July 28, 1975",Pepperdine University
Harold Brown,1947,1947,G,6-0,155,"October 2, 1923",University of Evansville
Jabari Brown,2015,2015,G,6-4,215,"December 18, 1992",University of Missouri
Jaylen Brown,2017,2018,F-G,6-7,225,"October 24, 1996",University of California
John Brown,1974,1980,F,6-7,220,"December 14, 1951",University of Missouri
Kedrick Brown,2002,2005,G,6-7,222,"March 18, 1981",Okaloosa-Walton Community College
Kwame Brown,2002,2013,F,6-11,270,"March 10, 1982",
Larry Brown,1968,1972,G,5-9,160,"September 14, 1940",University of North Carolina
Leon Brown,1947,1947,F,6-3,190,"October 12, 1919",University of Wyoming
Lewis Brown,1981,1981,C,6-11,225,"February 19, 1955","University of Nevada, Las Vegas"
Lorenzo Brown,2014,2018,G,6-5,189,"August 26, 1990",North Carolina State University
Marcus Brown,1997,2000,G,6-3,185,"April 3, 1974",Murray State University
Markel Brown,2015,2016,G,6-3,190,"January 29, 1992",Oklahoma State University
Mike Brown,1987,1997,C-F,6-9,257,"July 19, 1963",George Washington University
Myron Brown,1992,1992,G,6-3,180,"November 3, 1969",Slippery Rock University of Pennsylvania
P.J. Brown,1994,2008,F-C,6-11,225,"October 14, 1969",Louisiana Tech University
Randy Brown,1992,2003,G,6-2,190,"May 22, 1968",New Mexico State University
Raymond Brown,1990,1990,F,6-8,220,"July 5, 1965",University of Idaho
Rickey Brown,1981,1985,C-F,6-10,215,"August 20, 1958",Mississippi State University
Roger Brown,1968,1975,F-G,6-5,205,"May 22, 1942",University of Dayton
Roger Brown,1973,1980,C,6-11,225,"February 23, 1950",University of Kansas
Shannon Brown,2007,2015,G,6-4,205,"November 29, 1985",Michigan State University
Stan Brown,1948,1952,F,6-3,200,"June 27, 1929",
Sterling Brown,2018,2018,G,6-5,225,"February 10, 1995",Southern Methodist University
Tierre Brown,2002,2005,G,6-2,189,"June 3, 1979",McNeese State University
Tony Brown,1985,1992,F-G,6-6,185,"July 29, 1960",University of Arkansas
Jim Browne,1949,1950,C,6-10,235,"January 1, 1930",
Stanley Brundy,1990,1990,F,6-6,210,"November 13, 1967",DePaul University
Brian Brunkhorst,1969,1969,F,6-6,208,"June 12, 1945",Marquette University
George Bruns,1973,1973,G,6-0,160,"August 30, 1946",Manhattan College
Rick Brunson,1998,2006,G,6-4,190,"June 14, 1972",Temple University
Nicolas Brussino,2017,2018,G-F,6-7,195,"March 2, 1993",
Em Bryant,1965,1972,G,6-1,175,"November 4, 1938",DePaul University
Joe Bryant,1976,1983,F-C,6-9,185,"October 19, 1954",La Salle University
Kobe Bryant,1997,2016,G-F,6-6,212,"August 23, 1978",
Mark Bryant,1989,2003,F-C,6-9,245,"April 25, 1965",Seton Hall University
Thomas Bryant,2018,2018,C,6-10,248,"July 31, 1997",Indiana University
Wallace Bryant,1984,1986,C,7-0,245,"July 14, 1959",University of San Francisco
Torgeir Bryn,1990,1990,C,6-9,250,"August 8, 1964",Texas State University
George Bucci,1976,1976,G,6-3,200,"July 9, 1953",Manhattan College
Joe Buckhalter,1962,1963,F,6-7,210,"August 1, 1937",Tennessee State University
Steve Bucknall,1990,1990,G,6-6,215,"March 17, 1966",University of North Carolina
Cleveland Buckner,1962,1963,F-C,6-9,210,"August 17, 1938",Jackson State University
Greg Buckner,2000,2009,G,6-4,210,"September 16, 1976",Clemson University
Quinn Buckner,1977,1986,G,6-3,190,"August 20, 1954",Indiana University
Dave Budd,1961,1965,F,6-6,205,"October 28, 1938",Wake Forest University
Chase Budinger,2010,2016,F,6-7,209,"May 22, 1988",University of Arizona
Walt Budko,1949,1952,F-C,6-5,220,"July 30, 1925",Columbia University
Jud Buechler,1991,2002,F-G,6-6,220,"June 19, 1968",University of Arizona
Rodney Buford,2000,2005,G-F,6-5,189,"November 2, 1977",Creighton University
Matt Bullard,1991,2002,F,6-10,215,"June 5, 1967",University of Iowa
Reggie Bullock,2014,2018,G-F,6-7,205,"March 16, 1991",University of North Carolina
Larry Bunce,1968,1969,C,7-0,240,"July 29, 1945",Utah State University
Greg Bunch,1979,1979,F,6-6,190,"May 15, 1956","California State University, Fullerton"
Dick Bunt,1953,1953,G,6-0,170,"July 13, 1930",New York University
Bill Buntin,1966,1966,C-F,6-7,250,"May 5, 1942",University of Michigan
Bill Bunting,1970,1972,F-C,6-8,200,"August 26, 1947",University of North Carolina
Ticky Burden,1976,1978,G,6-2,185,"February 28, 1953",University of Utah
Pat Burke,2003,2007,C-F,6-11,250,"December 14, 1973",Auburn University
Trey Burke,2014,2017,G,6-1,191,"November 12, 1992",University of Michigan
Roger Burkman,1982,1982,G,6-5,175,"May 22, 1958",University of Louisville
Alec Burks,2012,2018,G,6-6,214,"July 20, 1991",University of Colorado
Antonio Burks,2005,2006,G,6-1,200,"February 25, 1980",University of Memphis
Kevin Burleson,2006,2006,G,6-3,205,"April 9, 1979",University of Minnesota
Tom Burleson,1975,1981,C,7-2,225,"February 24, 1952",North Carolina State University
Jack Burmaster,1950,1950,G,6-3,190,"December 23, 1926",University of Illinois at Urbana-Champaign
David Burns,1982,1982,G,6-2,180,"July 3, 1958",Saint Louis University
Evers Burns,1994,1994,F,6-8,260,"August 24, 1971",University of Maryland
Jim Burns,1968,1968,G,6-3,195,"September 21, 1945",Northwestern University
Scott Burrell,1994,2001,G-F,6-7,218,"January 12, 1971",University of Connecticut
Art Burris,1951,1952,F,6-5,220,"April 7, 1924",University of Tennessee
Junior Burrough,1996,1996,F,6-8,242,"January 18, 1973",University of Virginia
Bob Burrow,1957,1958,C-F,6-7,228,"June 29, 1934",University of Kentucky
Ed Burton,1962,1965,F,6-6,225,"August 13, 1939",Michigan State University
Willie Burton,1991,1999,F-G,6-8,210,"May 26, 1968",University of Minnesota
Steve Burtt,1985,1993,G,6-2,185,"November 5, 1962",Iona College
Don Buse,1973,1985,G,6-4,190,"August 10, 1950",University of Evansville
David Bustion,1973,1973,F,6-8,215,"August 30, 1949",University of Denver
Donnie Butcher,1962,1966,G,6-2,200,"February 8, 1936",Pikeville College
Al Butler,1962,1965,G,6-2,175,"July 9, 1938",Niagara University
Caron Butler,2003,2016,F,6-7,228,"March 13, 1980",University of Connecticut
Greg Butler,1989,1991,C,6-11,240,"March 11, 1966",Stanford University
Jackie Butler,2005,2007,F-C,6-10,250,"March 10, 1985",
Jimmy Butler,2012,2018,F-G,6-8,236,"September 14, 1989",Marquette University
Mike Butler,1969,1972,G,6-2,170,"October 22, 1946",University of Memphis
Mitchell Butler,1994,2004,G-F,6-5,210,"December 15, 1970","University of California, Los Angeles"
Rasual Butler,2003,2016,F-G,6-7,215,"May 23, 1979",La Salle University
Dwight Buycks,2014,2015,G,6-3,190,"March 6, 1989",Marquette University
Derrick Byars,2012,2012,F,6-7,220,"April 25, 1984",Vanderbilt University
Andrew Bynum,2006,2014,C,7-0,285,"October 27, 1987",
Will Bynum,2006,2015,G,6-0,185,"January 4, 1983",Georgia Institute of Technology
Walter Byrd,1970,1970,F,6-7,205,,Temple University
Marty Byrnes,1979,1983,F,6-7,215,"April 30, 1956",Syracuse University
Tommy Byrnes,1947,1951,F-G,6-3,175,"February 19, 1923",Seton Hall University
Michael Bytzura,1947,1947,F,6-1,170,"June 18, 1922",Long Island University
Zarko Cabarkapa,2004,2006,F,6-11,235,"May 21, 1981",
Barney Cable,1959,1964,F,6-7,175,"July 29, 1935",Bradley University
Bruno Caboclo,2015,2018,F,6-9,218,"September 21, 1995",
Jason Caffey,1996,2003,F,6-8,255,"June 12, 1973",University of Alabama
Michael Cage,1985,2000,F-C,6-9,224,"January 28, 1962",San Diego State University
Gerry Calabrese,1951,1952,G,6-1,175,"February 4, 1925",St. John's University
Nick Calathes,2014,2015,G,6-6,213,"February 7, 1989",University of Florida
Jose Calderon,2006,2018,G,6-3,200,"September 28, 1981",
Adrian Caldwell,1990,1998,F-C,6-8,265,"July 4, 1966",Lamar University
Jim Caldwell,1968,1969,C,6-10,240,"January 28, 1943",Georgia Institute of Technology
Joe Caldwell,1965,1975,F-G,6-5,195,"November 1, 1941",Arizona State University
Kentavious Caldwell-Pope,2014,2018,G,6-5,205,"February 18, 1993",University of Georgia
Bill Calhoun,1949,1955,F-G,6-3,180,"November 4, 1927",City College of San Francisco
Corky Calhoun,1973,1980,F,6-7,210,"November 1, 1950",University of Pennsylvania
Demetrius Calip,1992,1992,G,6-1,165,"November 18, 1969",University of Michigan
Tom Callahan,1947,1947,G,6-1,180,"June 2, 1921",Rockhurst University
Rick Calloway,1991,1991,F,6-6,180,"December 12, 1966",University of Kansas
Ernie Calverley,1947,1949,G,5-10,145,"January 30, 1924",University of Rhode Island
Mack Calvin,1970,1981,G,6-0,165,"July 27, 1947",University of Southern California
Dexter Cambridge,1993,1993,F,6-7,224,"January 29, 1970",University of Texas at Austin
Marcus Camby,1997,2013,C-F,6-11,220,"March 22, 1974",University of Massachusetts Amherst
Elden Campbell,1991,2005,C,6-11,215,"July 23, 1968",Clemson University
Tony Campbell,1985,1995,F-G,6-7,215,"May 7, 1962",Ohio State University
Isaiah Canaan,2014,2018,G,6-0,201,"May 21, 1991",Murray State University
Larry Cannon,1970,1974,G,6-4,195,"April 12, 1947",La Salle University
Clint Capela,2015,2018,C,6-10,240,"May 18, 1994",
Derrick Caracter,2011,2011,F,6-9,275,"May 4, 1988",University of Texas at El Paso
Frank Card,1969,1973,F,6-7,195,"December 28, 1944",South Carolina State University
Brian Cardinal,2001,2012,F,6-8,245,"May 2, 1977",Purdue University
Howie Carl,1962,1962,G,5-9,160,"June 7, 1938",DePaul University
Chet Carlisle,1947,1947,F-C,6-5,195,"November 2, 1916",University of California
Geno Carlisle,2005,2005,G,6-3,180,"August 13, 1976",University of California
Rick Carlisle,1985,1990,G,6-5,210,"October 27, 1959",University of Virginia
Don Carlos,1969,1969,G-F,6-5,210,"March 3, 1944",Otterbein College
Al Carlson,1976,1976,C,6-11,235,"September 17, 1951",University of Oregon
Don Carlson,1947,1951,G-F,6-0,170,"March 22, 1919",University of Minnesota
Bob Carney,1955,1955,G,6-3,170,"August 3, 1932",Bradley University
Rodney Carney,2007,2011,F,6-7,205,"April 15, 1984",University of Memphis
Bob Carpenter,1950,1951,F-C,6-5,200,"November 6, 1917",East Texas State University
Antoine Carr,1985,2000,F-C,6-9,225,"July 23, 1961",Wichita State University
Austin Carr,1972,1981,G,6-4,200,"March 10, 1948",University of Notre Dame
Chris Carr,1996,2001,G,6-5,207,"March 12, 1974",Southern Illinois University
Cory Carr,1999,1999,G,6-3,210,"December 5, 1975",Texas Tech University
Kenny Carr,1978,1987,F,6-7,220,"August 15, 1955",North Carolina State University
M.L. Carr,1976,1985,F-G,6-6,205,"January 9, 1951",Guilford College
Darel Carrier,1968,1973,G,6-3,185,"October 26, 1940",Western Kentucky University
Bob Carrington,1978,1980,G-F,6-6,195,"July 3, 1953",Boston College
DeMarre Carroll,2010,2018,F,6-8,215,"July 27, 1986",University of Missouri
Joe Barry Carroll,1981,1991,C-F,7-0,225,"July 24, 1958",Purdue University
Matt Carroll,2004,2013,G,6-6,212,"August 28, 1980",University of Notre Dame
Jimmy Carruth,1997,1997,C-F,6-10,265,"November 4, 1969",Virginia Polytechnic Institute and State University
Anthony Carter,2000,2012,G,6-1,190,"June 16, 1975",University of Hawaii
Butch Carter,1981,1986,G,6-5,180,"June 11, 1958",Indiana University
Fred Carter,1970,1977,G-F,6-3,185,"February 14, 1945",Mount St. Mary's University
George Carter,1968,1976,F-G,6-4,210,"January 10, 1944",St. Bonaventure University
Howard Carter,1984,1985,G,6-5,215,"October 26, 1961",Louisiana State University
Jake Carter,1950,1950,F-C,6-4,195,"July 25, 1924",East Texas State University
Maurice Carter,2004,2004,G,6-5,210,"October 12, 1976",Louisiana State University
Reggie Carter,1981,1982,G,6-3,175,"October 10, 1957",St. John's University
Ron Carter,1979,1980,G,6-5,190,"August 31, 1956",Virginia Military Institute
Vince Carter,1999,2018,G-F,6-6,220,"January 26, 1977",University of North Carolina
Michael Carter-Williams,2014,2018,G,6-6,190,"October 10, 1991",Syracuse University
Bill Cartwright,1980,1995,C,7-1,245,"July 30, 1957",University of San Francisco
Jay Carty,1969,1969,F,6-8,220,"July 4, 1941",Oregon State University
Alex Caruso,2018,2018,G,6-5,186,"February 28, 1994",Texas A&M University
Cornelius Cash,1977,1977,F,6-8,215,"March 3, 1952",Bowling Green State University
Sam Cash,1973,1973,F,6-8,230,"November 13, 1950","University of California, Riverside"
Sam Cassell,1994,2008,G,6-3,185,"November 18, 1969",Florida State University
Omri Casspi,2010,2018,F,6-9,225,"June 22, 1988",
Harvey Catchings,1975,1985,C-F,6-9,218,"September 2, 1951",Hardin-Simmons University
Terry Catledge,1986,1993,F,6-8,220,"August 22, 1963",University of South Alabama
Sid Catlett,1972,1972,F,6-6,230,"April 18, 1948",University of Notre Dame
Kelvin Cato,1998,2007,C,6-11,255,"August 26, 1974",Iowa State University
Bobby Cattage,1982,1986,F,6-9,250,"August 17, 1958",Auburn University
Willie Cauley-Stein,2016,2018,F-C,7-0,240,"August 18, 1993",University of Kentucky
Duane Causwell,1991,2001,C,7-0,240,"May 31, 1968",Temple University
Tyler Cavanaugh,2018,2018,F,6-9,239,"February 9, 1994",George Washington University
Ron Cavenall,1985,1989,C,7-1,230,"April 30, 1959",Texas Southern University
Cedric Ceballos,1991,2001,F,6-6,190,"August 2, 1969","California State University, Fullerton"
John Celestand,2000,2000,G,6-4,178,"March 6, 1977",Villanova University
Al Cervi,1950,1953,G-F,5-11,170,"February 12, 1917",
Lionel Chalmers,2005,2005,G,6-0,180,"November 10, 1980",Xavier University
Mario Chalmers,2009,2018,G,6-2,190,"May 19, 1986",University of Kansas
Bill Chamberlain,1973,1974,F,6-6,188,"December 16, 1949",University of North Carolina
Wilt Chamberlain,1960,1973,C,7-1,275,"August 21, 1936",University of Kansas
Jerry Chambers,1967,1974,F,6-5,185,"July 18, 1943",University of Utah
Tom Chambers,1982,1998,F-C,6-10,220,"June 21, 1959",University of Utah
Mike Champion,1989,1989,F,6-10,230,"April 5, 1964",Gonzaga University
Tyson Chandler,2002,2018,C,7-1,240,"October 2, 1982",
Wilson Chandler,2008,2018,F,6-8,225,"May 10, 1987",DePaul University
Don Chaney,1969,1980,G,6-5,210,"March 22, 1946",University of Houston
John Chaney,1950,1950,F-C,6-3,185,"February 29, 1920",Louisiana State University
Rex Chapman,1989,2000,G,6-4,185,"October 5, 1967",University of Kentucky
Wayne Chapman,1969,1972,G-F,6-6,190,"June 15, 1945",Western Kentucky University
Len Chappell,1963,1972,F-C,6-8,240,"January 31, 1941",Wake Forest University
Ken Charles,1974,1978,G,6-3,180,"July 10, 1951",Fordham University
Lorenzo Charles,1986,1986,F,6-7,225,"November 25, 1963",North Carolina State University
Calbert Cheaney,1994,2006,G-F,6-7,209,"July 17, 1971",Indiana University
Maurice Cheeks,1979,1993,G,6-1,180,"September 8, 1956",West Texas A&M University
Phil Chenier,1972,1981,G,6-3,180,"October 30, 1950",University of California
Will Cherry,2015,2015,G,6-0,185,"February 8, 1991",University of Montana
Derrick Chievous,1989,1991,F,6-7,195,"July 3, 1967",University of Missouri
Pete Chilcutt,1992,2000,F-C,6-10,230,"September 14, 1968",University of North Carolina
Josh Childress,2005,2014,G-F,6-8,210,"June 20, 1983",Stanford University
Randolph Childress,1996,1997,G,6-2,188,"September 21, 1972",Wake Forest University
Chris Childs,1995,2003,G,6-3,195,"November 20, 1967",Boise State University
Leroy Chollet,1950,1951,F,6-2,190,"March 5, 1925",Canisius College
Jim Chones,1973,1982,C-F,6-11,220,"November 30, 1949",Marquette University
Marquese Chriss,2017,2018,F,6-10,233,"July 2, 1997",University of Washington
Fred Christ,1955,1955,G,6-4,210,"August 6, 1930",Fordham University
Cal Christensen,1951,1955,F-C,6-5,210,"June 6, 1927",University of Toledo
Bob Christian,1970,1974,C,6-10,255,"May 11, 1946",Grambling State University
Doug Christie,1993,2007,G-F,6-6,200,"May 9, 1970",Pepperdine University
Dionte Christmas,2014,2014,G,6-5,205,"September 15, 1986",Temple University
Rakeem Christmas,2016,2017,F,6-9,250,"December 1, 1991",Syracuse University
Semaj Christon,2017,2017,G,6-3,190,"November 1, 1992",Xavier University
Patrick Christopher,2015,2015,G-F,6-5,209,"June 3, 1988",University of California
Stephen Chubin,1968,1970,G,6-2,200,"February 8, 1944",University of Rhode Island
Robert Churchwell,1996,1996,G-F,6-6,195,"February 20, 1972",Georgetown University
Archie Clark,1967,1976,G,6-2,175,"July 15, 1941",University of Minnesota
Carlos Clark,1984,1985,G,6-4,210,"August 10, 1960",University of Mississippi
Earl Clark,2010,2015,F,6-10,225,"January 17, 1988",University of Louisville
Ian Clark,2014,2018,G,6-3,175,"March 7, 1991",Belmont University
Keon Clark,1999,2004,F-C,6-11,220,"April 16, 1975","University of Nevada, Las Vegas"
Richard Clark,1968,1969,G,6-4,190,"January 5, 1944",Eastern Kentucky University
Coty Clarke,2016,2016,F,6-7,232,"July 4, 1992",University of Arkansas
Jordan Clarkson,2015,2018,G,6-5,194,"June 7, 1992",University of Missouri
Gian Clavell,2018,2018,G,6-4,185,"November 26, 1993",Colorado State University
Victor Claver,2013,2015,F,6-9,224,"August 30, 1988",
John Clawson,1969,1969,F,6-4,200,"May 15, 1944",University of Michigan
Charles Claxton,1996,1996,C,7-0,265,"December 13, 1970",University of Georgia
Speedy Claxton,2002,2009,G,5-11,166,"May 8, 1978",Hofstra University
Jim Cleamons,1972,1980,G,6-3,185,"September 13, 1949",Ohio State University
Mateen Cleaves,2001,2006,G,6-2,205,"September 7, 1977",Michigan State University
Barry Clemens,1966,1976,F,6-6,210,"May 1, 1943",Ohio Wesleyan University
Antonius Cleveland,2018,2018,G,6-6,195,"February 2, 1994",Southeast Missouri State University
Nat Clifton,1951,1958,C-F,6-6,220,"October 13, 1922",Xavier University of Louisiana
Bill Closs,1950,1952,F-C,6-5,195,"January 8, 1922",Rice University
Keith Closs,1998,2000,C,7-3,212,"April 3, 1976",Central Connecticut State University
Paul Cloyd,1950,1950,G-F,6-2,180,"June 13, 1920",University of Wisconsin
Bob Cluggish,1947,1947,C,6-10,235,"September 18, 1917",University of Kentucky
Ben Clyde,1975,1975,F,6-7,198,"June 10, 1951",Florida State University
Richard Coffey,1991,1991,F,6-6,212,"September 2, 1965",University of Minnesota
Fred Cofield,1986,1987,G,6-3,190,"January 4, 1962",Eastern Michigan University
John Coker,1996,2001,C,7-0,253,"October 28, 1971",Boise State University
Norris Cole,2012,2017,G,6-2,175,"October 13, 1988",Cleveland State University
Ben Coleman,1987,1994,F,6-9,235,"November 14, 1961",University of Maryland
Derrick Coleman,1991,2005,F,6-10,230,"June 21, 1967",Syracuse University
E.C. Coleman,1974,1979,F,6-8,225,"September 25, 1950",Houston Baptist University
Jack Coleman,1950,1958,F-C,6-7,195,"May 23, 1924",University of Louisville
Norris Coleman,1988,1988,F,6-8,210,"September 27, 1961",Kansas State University
Bimbo Coles,1991,2004,G,6-1,180,"April 22, 1968",Virginia Polytechnic Institute and State University
Jason Collier,2001,2005,C,7-0,260,"September 8, 1977",Georgia Institute of Technology
Art Collins,1981,1981,G,6-4,185,"April 14, 1954",St. Thomas University
Don Collins,1981,1987,F-G,6-6,190,"November 28, 1958",Washington State University
Doug Collins,1974,1981,G-F,6-6,180,"July 28, 1951",Illinois State University
James Collins,1998,1998,G,6-4,196,"November 5, 1973",Florida State University
Jarron Collins,2002,2011,F-C,6-11,255,"December 2, 1978",Stanford University
Jason Collins,2002,2014,C,7-0,255,"December 2, 1978",Stanford University
Jimmy Collins,1971,1972,G,6-2,175,"November 24, 1946",New Mexico State University
John Collins,2018,2018,F,6-10,235,"September 23, 1997",Wake Forest University
Mardy Collins,2007,2010,G,6-6,220,"August 4, 1984",Temple University
Sherron Collins,2011,2011,G,5-11,205,"March 18, 1987",University of Kansas
Zach Collins,2018,2018,C-F,7-0,232,"November 19, 1997",Gonzaga University
Kyle Collinsworth,2018,2018,G-F,6-6,210,"October 3, 1991",Brigham Young University
Darren Collison,2010,2018,G,6-0,175,"August 23, 1987","University of California, Los Angeles"
Nick Collison,2005,2018,F,6-10,255,"October 26, 1980",University of Kansas
Joe Colone,1949,1949,F,6-5,210,"January 23, 1924",Bloomsburg University of Pennsylvania
Sean Colson,2001,2001,G,6-0,175,"July 1, 1975",University of North Carolina at Charlotte
Steve Colter,1985,1995,G,6-3,165,"July 24, 1962",New Mexico State University
Glen Combs,1969,1975,G,6-2,185,"October 30, 1946",Virginia Polytechnic Institute and State University
Leroy Combs,1984,1984,F,6-8,210,"January 1, 1961",Oklahoma State University
John Comeaux,1968,1968,F,6-5,193,"September 15, 1943",Grambling State University
Dallas Comegys,1988,1989,F,6-9,205,"August 17, 1964",DePaul University
Larry Comley,1964,1964,G,6-5,210,"August 17, 1939",Kansas State University
Jeffrey Congdon,1968,1972,G,6-1,180,"October 17, 1943",Brigham Young University
Gene Conley,1953,1964,C-F,6-8,225,"November 10, 1930",Washington State University
Larry Conley,1968,1968,G,6-3,175,"January 22, 1944",University of Kentucky
Mike Conley,2008,2018,G,6-1,175,"October 11, 1987",Ohio State University
Ed Conlin,1956,1962,F-G,6-5,200,"September 2, 1933",Fordham University
Marty Conlon,1992,2000,F-C,6-10,224,"January 19, 1968",Providence College
Pat Connaughton,2016,2018,G,6-5,206,"January 6, 1993",University of Notre Dame
Jimmy Conner,1976,1976,G,6-4,190,"March 20, 1953",University of Kentucky
Lester Conner,1983,1995,G,6-4,180,"September 17, 1959",Oregon State University
Chuck Connors,1947,1948,F-C,6-5,190,"April 10, 1921",Seton Hall University
Will Conroy,2007,2013,G,6-2,195,"December 8, 1982",University of Washington
Anthony Cook,1991,1996,F-C,6-9,205,"March 19, 1967",University of Arizona
Bert Cook,1955,1955,G-F,6-3,185,"April 26, 1929",Utah State University
Bobby Cook,1950,1950,G-F,5-10,155,"April 1, 1923",University of Wisconsin
Brian Cook,2004,2012,F,6-9,234,"December 4, 1980",University of Illinois at Urbana-Champaign
Daequan Cook,2008,2013,G,6-5,205,"April 28, 1987",Ohio State University
Darwin Cook,1981,1989,G,6-3,184,"August 6, 1958",University of Portland
Jeff Cook,1980,1988,F-C,6-10,215,"October 21, 1956",Idaho State University
Norm Cook,1977,1978,F,6-8,210,"March 21, 1955",University of Kansas
Omar Cook,2004,2005,G,6-1,190,"January 28, 1982",St. John's University
Quinn Cook,2017,2018,G,6-2,184,"March 23, 1993",Duke University
Charles Cooke,2018,2018,G,6-5,196,"July 1, 1994",University of Dayton
David Cooke,1986,1986,F,6-8,230,"September 27, 1963",Saint Mary's College of California
Joe Cooke,1971,1971,G,6-3,175,"August 14, 1948",Indiana University
Jack Cooley,2015,2018,F-C,6-9,260,"April 4, 1991",University of Notre Dame
Chuck Cooper,1951,1956,F,6-5,210,"September 29, 1926",Duquesne University
Duane Cooper,1993,1994,G,6-1,185,"June 25, 1969",University of Southern California
Joe Cooper,1982,1985,C-F,6-10,230,"September 1, 1957",University of Colorado
Michael Cooper,1979,1990,G-F,6-5,170,"April 15, 1956",University of New Mexico
Wayne Cooper,1979,1992,C-F,6-10,220,"November 16, 1956",University of New Orleans
Tom Copa,1992,1992,C,6-10,275,"October 30, 1964",Marquette University
Chris Copeland,2013,2016,F,6-9,239,"March 17, 1984",University of Colorado
Hollis Copeland,1980,1982,F,6-6,180,"December 20, 1955",Rutgers University
Lanard Copeland,1990,1992,G,6-6,190,"July 16, 1965",Georgia State University
Tyrone Corbin,1986,2001,G-F,6-6,210,"December 31, 1962",DePaul University
Chris Corchiani,1992,1994,G,6-0,185,"March 28, 1968",North Carolina State University
Ken Corley,1947,1947,C,6-5,210,,Oklahoma State Teachers College
Ray Corley,1950,1953,G,6-0,180,"January 1, 1928",Georgetown University
Dave Corzine,1979,1991,C,6-11,250,"April 25, 1956",DePaul University
Larry Costello,1955,1968,G,6-1,186,"July 2, 1931",Niagara University
Matt Costello,2018,2018,F,6-9,245,"August 5, 1993",Michigan State University
Bryce Cotton,2015,2016,G,6-1,165,"August 11, 1992",Providence College
Jack Cotton,1950,1950,F-C,6-7,200,"October 25, 1924",University of Wyoming
James Cotton,1998,1999,G,6-5,220,"December 14, 1975","California State University, Long Beach"
John Coughran,1980,1980,F,6-7,225,"September 12, 1951",University of California
Mel Counts,1965,1976,C-F,7-0,230,"October 16, 1941",Oregon State University
Steve Courtin,1965,1965,G,6-1,188,"September 21, 1942",Saint Joseph's University
Joe Courtney,1993,1997,F,6-8,235,"October 17, 1969",University of Southern Mississippi
Marcus Cousin,2011,2011,C,6-11,245,"December 18, 1986",University of Houston
DeMarcus Cousins,2011,2018,C-F,6-11,270,"August 13, 1990",University of Kentucky
Bob Cousy,1951,1970,G,6-1,175,"August 9, 1928",College of the Holy Cross
Robert Covington,2014,2018,F,6-9,215,"December 14, 1990",Tennessee State University
Dave Cowens,1971,1983,C-F,6-9,230,"October 25, 1948",Florida State University
Chubby Cox,1983,1983,G,6-2,180,"December 29, 1955",University of San Francisco
Johnny Cox,1963,1963,G,6-4,180,"November 1, 1936",University of Kentucky
Wesley Cox,1978,1979,F,6-6,215,"January 27, 1955",University of Louisville
Allen Crabbe,2014,2018,G-F,6-6,210,"April 9, 1992",University of California
Torrey Craig,2018,2018,G-F,6-6,215,"December 19, 1990",University of South Carolina Upstate
Chris Crawford,1998,2004,F,6-9,235,"May 13, 1975",Marquette University
Freddie Crawford,1967,1971,G-F,6-4,189,"December 23, 1941",St. Bonaventure University
Jamal Crawford,2001,2018,G,6-5,200,"March 20, 1980",University of Michigan
Joe Crawford,2009,2009,F,6-5,210,"June 17, 1986",University of Kentucky
Jordan Crawford,2011,2018,G,6-4,195,"October 23, 1988",Xavier University
Jim Creighton,1976,1976,F,6-8,200,"April 18, 1950",University of Colorado
Ron Crevier,1986,1986,C,7-0,235,"April 14, 1958",Boston College
Hal Crisler,1947,1947,F,6-3,215,"December 31, 1923",Iowa State University
Joe Crispin,2002,2002,G,6-0,185,"July 18, 1979",Pennsylvania State University
Charlie Criss,1978,1985,G,5-8,165,"November 6, 1948",New Mexico State University
Russell Critchfield,1969,1969,G,5-10,150,"June 27, 1946",University of California
Winston Crite,1988,1989,F,6-7,233,"June 20, 1965",Texas A&M University
Javaris Crittenton,2008,2009,G,6-5,200,"December 31, 1987",Georgia Institute of Technology
Dillard Crocker,1949,1953,F-G,6-4,205,"January 19, 1925",Western Michigan University
Bobby Croft,1971,1971,C,6-10,200,"March 17, 1946",University of Tennessee
Geoff Crompton,1979,1984,C,6-11,280,"July 4, 1955",University of North Carolina
Terry Crosby,1980,1980,G,6-4,195,"January 4, 1957",University of Tennessee
Austin Croshere,1998,2009,F,6-9,235,"May 1, 1975",Providence College
Jeff Cross,1986,1986,F,6-10,240,"September 1, 1961",University of Maine
Pete Cross,1971,1973,C-F,6-9,230,"March 28, 1948",University of San Francisco
Russell Cross,1984,1984,C,6-10,215,"September 5, 1961",Purdue University
Chink Crossin,1948,1950,G,6-1,165,"July 4, 1923",University of Pennsylvania
John Crotty,1993,2003,G,6-1,185,"July 15, 1969",University of Virginia
Bill Crow,1968,1968,G,6-1,180,"December 9, 1940",Westminster College of Utah
Mark Crow,1978,1978,F,6-7,210,"October 22, 1954",Duke University
Corey Crowder,1992,1995,G-F,6-5,214,"April 13, 1969",Kentucky Wesleyan College
Jae Crowder,2013,2018,F,6-6,235,"July 6, 1990",Marquette University
Al Cueto,1970,1971,C-F,6-7,230,"August 2, 1946",University of Tulsa
Pat Cummings,1980,1991,F-C,6-9,230,"July 11, 1956",University of Cincinnati
Terry Cummings,1983,2000,F,6-9,220,"March 15, 1961",DePaul University
Vonteego Cummings,2000,2002,G,6-3,185,"February 29, 1976",University of Pittsburgh
Billy Cunningham,1966,1976,F-C,6-6,210,"June 3, 1943",University of North Carolina
Dante Cunningham,2010,2018,F,6-8,230,"April 22, 1987",Villanova University
Dick Cunningham,1969,1975,C,6-10,245,"July 11, 1946",Murray State University
Jared Cunningham,2013,2016,G,6-4,195,"May 22, 1991",Oregon State University
William Cunningham,1998,1999,C,6-11,250,"March 25, 1974",Temple University
Radisav Curcic,1993,1993,C,6-10,275,"September 26, 1965",
Armand Cure,1947,1947,F,6-0,198,"August 1, 1919",University of Rhode Island
Earl Cureton,1981,1997,F-C,6-9,210,"September 3, 1957",University of Detroit Mercy
Bill Curley,1995,2001,F,6-9,220,"May 29, 1972",Boston College
Fran Curran,1949,1950,G,6-0,175,"September 9, 1922",University of Notre Dame
Dell Curry,1987,2002,G,6-4,190,"June 25, 1964",Virginia Polytechnic Institute and State University
Eddy Curry,2002,2013,C,7-0,295,"December 5, 1982",
JamesOn Curry,2010,2010,G,6-3,190,"January 7, 1986",Oklahoma State University
Michael Curry,1994,2005,F-G,6-5,210,"August 22, 1968",Georgia Southern University
Seth Curry,2014,2017,G,6-2,185,"August 23, 1990",Duke University
Stephen Curry,2010,2018,G,6-3,190,"March 14, 1988",Davidson College
Rastko Cvetkovic,1996,1996,C,7-1,260,"June 22, 1970",
Mike D'Antoni,1974,1977,G,6-3,185,"May 8, 1951",Marshall University
Mike Dabich,1968,1968,C,7-0,242,"December 27, 1942",New Mexico State University
Ed Dahler,1952,1952,F,6-5,190,"January 31, 1926",Duquesne University
Quintin Dailey,1983,1992,G,6-3,180,"January 22, 1961",University of San Francisco
Samuel Dalembert,2002,2015,C,6-11,255,"May 10, 1981",Seton Hall University
Howie Dallmar,1947,1949,F,6-4,200,"May 24, 1922",Stanford University
Erick Dampier,1997,2012,C,6-11,265,"July 14, 1975",Mississippi State University
Louie Dampier,1968,1979,G,6-0,170,"November 20, 1944",University of Kentucky
Bob Dandridge,1970,1982,F-G,6-6,195,"November 15, 1947",Norfolk State University
Antonio Daniels,1998,2011,G,6-4,195,"March 19, 1975",Bowling Green State University
Erik Daniels,2005,2005,F,6-8,214,"April 1, 1982",University of Kentucky
Lloyd Daniels,1993,1998,G,6-7,205,"September 4, 1967",Mount San Antonio College
Marquis Daniels,2004,2013,G-F,6-6,200,"January 7, 1981",Auburn University
Mel Daniels,1968,1977,C,6-9,220,"July 20, 1944",University of New Mexico
Troy Daniels,2014,2018,G,6-4,205,"July 15, 1991",Virginia Commonwealth University
Sasha Danilovic,1996,1997,G,6-5,200,"February 26, 1970",
Adrian Dantley,1977,1991,F-G,6-5,208,"February 28, 1956",University of Notre Dame
Pete Darcey,1953,1953,C,6-7,217,"March 3, 1930",Oklahoma State University
Jimmy Darden,1949,1951,G,5-11,175,"November 5, 1922",University of Denver