Movie_Title,YR_Released,Rating,show_id,type,Duration
3%,2020,TV-MA,s1,TV Show,4
1920,2008,TV-MA,s10,Movie,143
3 Heroines,2016,TV-PG,s100,Movie,124
Blue Mountain State: The Rise of Thadland,2016,R,s1000,Movie,90
Blue Planet II,2017,TV-G,s1001,TV Show,1
Blue Ruin,2013,R,s1002,Movie,90
Blue Streak,1999,PG-13,s1003,Movie,94
Blue Valentine,2010,R,s1004,Movie,112
BluffMaster!,2005,TV-14,s1005,Movie,129
Blurred Lines: Inside the Art World,2017,TV-MA,s1006,Movie,85
BNA,2020,TV-14,s1007,TV Show,1
BNK48: Girls Don't Cry,2018,TV-14,s1008,Movie,108
Bo Burnham: Make Happy,2016,TV-MA,s1009,Movie,60
3 Idiots,2009,PG-13,s101,Movie,164
Bo Burnham: what.,2013,TV-MA,s1010,Movie,60
Bo on the Go!,2007,TV-Y,s1011,TV Show,1
Bob Lazar: Area 51 & Flying Saucers,2018,TV-MA,s1012,Movie,97
Bob Ross: Beauty Is Everywhere,1991,TV-G,s1013,TV Show,1
Bob's Broken Sleigh,2015,TV-G,s1014,Movie,47
Bobbi Jene,2017,TV-MA,s1015,Movie,99
Bobbleheads The Movie,2020,PG,s1016,Movie,83
Bobby,1973,TV-14,s1017,Movie,168
Bobby Jasoos,2014,TV-14,s1018,Movie,116
Bobby Kennedy for President,2018,TV-MA,s1019,TV Show,1
3 Seconds Divorce,2018,TV-PG,s102,Movie,53
Bobby Robson: More Than a Manager,2018,TV-14,s1020,Movie,99
Bobby Sands: 66 Days,2016,TV-14,s1021,Movie,106
Boca Juniors Confidential,2018,TV-PG,s1022,TV Show,1
Bodyguard,2011,TV-14,s1023,Movie,130
Bogda,2018,TV-PG,s1024,Movie,161
Boi,2018,TV-MA,s1025,Movie,111
BoJack Horseman,2020,TV-MA,s1026,TV Show,6
BoJack Horseman Christmas Special: Sabrina's Christmas Wish,2014,TV-MA,s1027,Movie,26
Bokeh,2017,TV-14,s1028,Movie,92
Bolívar,2019,TV-MA,s1029,TV Show,1
3 Türken & ein Baby,2015,TV-MA,s103,Movie,93
Bollywood Calling,2001,TV-MA,s1030,Movie,102
Bolt,2008,PG,s1031,Movie,99
Bomb Scared,2017,TV-MA,s1032,Movie,89
Bombairiya,2018,TV-MA,s1033,Movie,108
Bombay Talkies,2013,TV-MA,s1034,Movie,123
Bombshell,2016,TV-MA,s1035,Movie,86
Bombshell: The Hedy Lamarr Story,2017,TV-14,s1036,Movie,89
Bon Bini Holland,2015,TV-MA,s1037,Movie,88
Bon Cop Bad Cop 2,2017,TV-MA,s1038,Movie,126
"Bon Cop, Bad Cop",2006,TV-MA,s1039,Movie,117
30 Days of Luxury,2016,TV-14,s104,Movie,91
Bondi Rescue,2016,TV-PG,s1040,TV Show,1
BONDING,2019,TV-MA,s1041,TV Show,1
Bonnie and Clyde,1967,R,s1042,Movie,111
Bonus Family,2019,TV-MA,s1043,TV Show,3
Booba,2019,TV-Y7,s1044,TV Show,3
Bookmarks,2020,TV-Y,s1045,TV Show,1
Boom,2003,TV-MA,s1046,Movie,79
Border Patrol,2016,TV-PG,s1047,TV Show,1
Border Security: America's Front Line,2018,TV-14,s1048,TV Show,1
Borderline,2017,TV-14,s1049,TV Show,2
30 Minutes or Less,2011,R,s105,Movie,83
Borderliner,2017,TV-MA,s1050,TV Show,1
Bordertown,2019,TV-MA,s1051,TV Show,3
Borgen,2012,TV-MA,s1052,TV Show,3
Borges,2018,TV-MA,s1053,TV Show,1
Born Beautiful,2019,TV-MA,s1054,Movie,96
Born in Gaza,2014,TV-14,s1055,Movie,70
Born in Syria,2016,TV-14,s1056,Movie,87
Born Racer,2018,R,s1057,Movie,89
Born Strong,2017,TV-MA,s1058,Movie,86
Born to Be Free,2016,TV-14,s1059,Movie,74
300 Miles to Heaven,1989,TV-14,s106,Movie,93
Boss,2013,TV-14,s1060,Movie,139
Bosta,2005,TV-14,s1061,Movie,112
Botched Up Bodies,2013,TV-MA,s1062,TV Show,1
Bottersnikes & Gumbles,2017,TV-Y7,s1063,TV Show,2
Bottom of the World,2017,TV-MA,s1064,Movie,84
Bountiful Blessings,2011,TV-14,s1065,TV Show,1
Boushkash,2008,TV-MA,s1066,Movie,100
Boy and the World,2013,PG,s1067,Movie,80
Boy Bye,2016,TV-MA,s1068,Movie,86
Boy Missing,2016,TV-MA,s1069,Movie,105
365 Days,2020,TV-MA,s107,Movie,114
Boyka: Undisputed,2016,R,s1070,Movie,90
Boys Over Flowers,2009,TV-14,s1071,TV Show,1
Brad Paisley's Comedy Rodeo,2017,TV-MA,s1072,Movie,63
Brahman Naman,2016,TV-MA,s1073,Movie,96
Brain Games,2016,TV-G,s1074,TV Show,3
Brain on Fire,2016,PG-13,s1075,Movie,89
Brainchild,2018,TV-G,s1076,TV Show,1
Brampton's Own,2018,TV-MA,s1077,Movie,90
Bratz: The Movie,2007,PG,s1078,Movie,102
Brave Blue World: Racing to Solve Our Water Crisis,2020,TV-PG,s1079,Movie,51
37 Seconds,2020,TV-MA,s108,Movie,116
Brave Miss World,2013,TV-14,s1080,TV Show,1
Brave New Jersey,2016,TV-MA,s1081,Movie,92
Braven,2018,R,s1082,Movie,94
Braxton Family Values,2014,TV-PG,s1083,TV Show,2
Bread Barbershop,2020,TV-Y,s1084,TV Show,1
Break,2018,TV-MA,s1085,Movie,96
BREAK IT ALL: The History of Rock in Latin America,2020,TV-MA,s1086,TV Show,1
Break Ke Baad,2010,TV-14,s1087,Movie,108
Break Up 100,2014,TV-14,s1088,Movie,105
"Breakfast, Lunch & Dinner",2019,TV-MA,s1089,TV Show,1
3Below: Tales of Arcadia,2019,TV-Y7,s109,TV Show,2
Breaking Bad,2013,TV-MA,s1090,TV Show,5
Breaking Free,2015,TV-MA,s1091,Movie,81
Breaking the Bank,2014,TV-PG,s1092,Movie,105
Breakout,2010,TV-14,s1093,TV Show,1
Breath,2018,TV-MA,s1094,Movie,116
Brené Brown: The Call to Courage,2019,TV-14,s1095,Movie,77
Brews Brothers,2020,TV-MA,s1096,TV Show,1
Brian Regan: Nunchucks and Flamethrowers,2017,TV-PG,s1097,Movie,61
Brick,2005,R,s1098,Movie,110
Bride For Rent,2014,TV-PG,s1099,Movie,110
1922,2017,TV-MA,s11,Movie,103
40 Sticks,2019,TV-14,s110,Movie,93
Bridezilla,2019,TV-MA,s1100,Movie,94
Bridgerton,2020,TV-MA,s1101,TV Show,1
Bridget Christie: Stand Up for Her,2016,TV-MA,s1102,Movie,51
Bright,2017,TV-MA,s1103,Movie,118
Bright: The Music Videos,2017,TV-MA,s1104,TV Show,1
Brij Mohan Amar Rahe,2018,TV-MA,s1105,Movie,100
"Bring It On, Ghost",2016,TV-14,s1106,TV Show,1
Bring It On: Worldwide Showdown,2017,PG-13,s1107,Movie,95
Bringing Sexy Back,2015,TV-14,s1108,TV Show,1
Broadchurch,2017,TV-MA,s1109,TV Show,3
42 Grams,2017,TV-MA,s111,Movie,81
Broken,2019,TV-14,s1110,TV Show,1
Bromance,2015,TV-PG,s1111,TV Show,1
Brooklyn's Finest,2009,R,s1112,Movie,133
Brother,2019,TV-MA,s1113,Movie,97
Brother in Love,2019,TV-MA,s1114,Movie,110
Brother's Shadow,2006,TV-MA,s1115,Movie,90
Brotherhood,2019,TV-MA,s1116,TV Show,1
Brotherhood of Blades II: The Infernal Battlefield,2017,TV-MA,s1117,Movie,120
Brothers,2015,TV-14,s1118,Movie,155
Brown Nation,2016,TV-14,s1119,TV Show,1
44 Cats,2018,TV-Y7,s112,TV Show,2
Bruno and Boots: Go Jump in the Pool,2016,TV-PG,s1120,Movie,91
Bruno and Boots: The Wizzle War,2017,TV-PG,s1121,Movie,90
Bruno and Boots: This Can't Be Happening at Macdonald Hall,2017,TV-PG,s1122,Movie,90
Bucket List,2018,TV-14,s1123,Movie,129
Budapest,2018,TV-MA,s1124,Movie,103
Buddha,2013,TV-PG,s1125,TV Show,1
Buddi,2020,TV-Y,s1126,TV Show,2
Buddies,2012,TV-MA,s1127,Movie,103
Buddy Thunderstruck,2017,TV-Y7,s1128,TV Show,1
Buddy Thunderstruck: The Maybe Pile,2017,TV-Y7,s1129,Movie,14
45 rpm,2019,TV-MA,s113,TV Show,1
Budhia Singh: Born to Run,2016,TV-MA,s1130,Movie,95
Buffalo Boys,2018,TV-MA,s1131,Movie,103
Bugs,2016,TV-G,s1132,Movie,73
Bulbbul,2020,TV-MA,s1133,Movie,94
Bulbul Can Sing,2018,TV-14,s1134,Movie,95
Bullet Head,2017,R,s1135,Movie,94
Bulletproof 2,2020,TV-MA,s1136,Movie,97
Bullitt County,2018,TV-MA,s1137,Movie,98
Bully,2012,PG-13,s1138,Movie,98
Bumping Mics with Jeff Ross & Dave Attell,2018,TV-MA,s1139,TV Show,1
48 Christmas Wishes,2017,TV-G,s114,Movie,84
Bunk'd,2020,TV-G,s1140,TV Show,4
"Bure Kaam Bura Natija, Kyun Bhai Chacha Haan Bhatija",2017,TV-PG,s1141,TV Show,1
Burlesque,2010,PG-13,s1142,Movie,119
Burlesque: Heart of the Glitter Tribe,2017,TV-MA,s1143,Movie,76
Burn Out,2017,TV-MA,s1144,Movie,104
Burned Cocoon,2005,TV-MA,s1145,TV Show,1
Burning,2018,TV-MA,s1146,Movie,148
Burning Cane,2019,TV-MA,s1147,Movie,78
Burning Sands,2017,TV-MA,s1148,Movie,102
Burnistoun,2012,TV-MA,s1149,TV Show,2
4L,2019,TV-MA,s115,Movie,105
Bushwick,2017,TV-MA,s1150,Movie,94
Busted!,2019,TV-14,s1151,TV Show,2
Buster's Mal Heart,2016,TV-MA,s1152,Movie,98
Butterfield 8,1960,TV-14,s1153,Movie,108
BuyBust,2018,TV-MA,s1154,Movie,128
Bwakaw,2012,TV-MA,s1155,Movie,110
By the Sea,2015,R,s1156,Movie,122
Bye Bye London,1981,TV-14,s1157,Movie,177
Bygones Be Bygones,2017,TV-MA,s1158,Movie,104
Bypass Road,2019,TV-14,s1159,Movie,135
4th Man Out,2015,NR,s116,Movie,86
C Kkompany,2008,TV-14,s1160,Movie,127
Cézanne et moi,2016,R,s1161,Movie,114
Cabin Fever,2016,R,s1162,Movie,98
Cabins in the Wild with Dick Strawbridge,2017,TV-PG,s1163,TV Show,1
Cable Girls,2019,TV-MA,s1164,TV Show,6
Cadaver,2020,TV-MA,s1165,Movie,87
Cagaster of an Insect Cage,2020,TV-MA,s1166,TV Show,1
Cahaya Dari Timur Beta Maluku,2014,TV-14,s1167,Movie,151
Caida del Cielo,2016,TV-MA,s1168,Movie,78
Cain and Abel,2009,TV-MA,s1169,TV Show,1
4th Republic,2019,TV-MA,s117,Movie,120
Cairo Station,1958,TV-14,s1170,Movie,73
Cake,2018,TV-MA,s1171,Movie,125
Calendar Girls,2015,TV-14,s1172,Movie,126
Calibre,2018,TV-MA,s1173,Movie,101
Calico Critters,2018,TV-Y,s1174,TV Show,1
Calico Critters Mini Episodes Clover,2020,TV-Y,s1175,TV Show,1
Calico Critters: A Town of Dreams,2017,TV-Y,s1176,Movie,11
Calico Critters: Everyone's Big Dream Flying in the Sky,2019,TV-Y,s1177,Movie,11
Calico Critters: The Treasure of Calico Village,2017,TV-Y,s1178,Movie,22
Caliphate,2020,TV-MA,s1179,TV Show,1
5 Cowok Jagoan,2017,TV-MA,s118,Movie,106
Call Me Francis,2016,TV-14,s1180,TV Show,1
Call My Agent!,2018,TV-MA,s1181,TV Show,3
Call the Midwife,2020,TV-MA,s1182,TV Show,9
Calum von Moger: Unbroken,2019,TV-MA,s1183,Movie,93
Cam,2018,TV-MA,s1184,Movie,95
Camarón Revolution,2018,TV-14,s1185,TV Show,1
Camarón: The Film,2018,TV-14,s1186,Movie,105
Camelia la Texana,2014,TV-14,s1187,TV Show,1
Camera Store,2016,TV-MA,s1188,Movie,104
Camp Cool Kids,2017,TV-G,s1189,Movie,104
5 Flights Up,2014,PG-13,s119,Movie,92
Camp X,2014,TV-MA,s1190,TV Show,1
Camp X-Ray,2014,R,s1191,Movie,117
Can We Get Married?,2012,TV-14,s1192,TV Show,1
Can You Hear Me?,2020,TV-MA,s1193,TV Show,2
"Can't Cope, Won't Cope",2018,TV-MA,s1194,TV Show,2
Can't Hardly Wait,1998,PG-13,s1195,Movie,101
Can't Help Falling in Love,2017,TV-14,s1196,Movie,120
Can’t Complain,2007,TV-MA,s1197,Movie,114
Candy Jar,2018,TV-14,s1198,Movie,93
Candy Online,2019,TV-MA,s1199,TV Show,1
1983,2018,TV-MA,s12,TV Show,1
5 Star Christmas,2018,TV-14,s120,Movie,96
Candyflip,2017,TV-MA,s1200,Movie,104
Candyman,1992,R,s1201,Movie,99
Cannabis,2016,TV-MA,s1202,TV Show,1
Cannon Busters,2019,TV-MA,s1203,TV Show,1
Canvas,2020,G,s1204,Movie,9
Capital in the Twenty-First Century,2019,TV-14,s1205,Movie,103
Cappuccino,2017,TV-PG,s1206,Movie,126
Captain Underpants Epic Choice-o-Rama,2020,TV-Y7,s1207,Movie,81
Captain Underpants Mega Blissmas,2020,TV-Y7,s1208,Movie,46
Captive,2016,TV-MA,s1209,TV Show,1
5 to 7,2014,R,s121,Movie,97
Car Masters: Rust to Riches,2020,TV-PG,s1210,TV Show,2
Carbon,2017,TV-MA,s1211,Movie,104
Cardboard Gangsters,2016,TV-MA,s1212,Movie,92
Cardcaptor Sakura,1999,TV-Y7,s1213,TV Show,2
Care Bears & Cousins,2016,TV-Y,s1214,TV Show,2
Care Bears: Welcome to Care-a-Lot,2012,TV-Y,s1215,TV Show,1
Care of Kancharapalem,2018,TV-14,s1216,Movie,142
Caregiver,2008,TV-14,s1217,Movie,131
Cargo,2020,TV-14,s1218,Movie,113
Carlos Almaraz: Playing with Fire,2019,TV-14,s1219,Movie,83
50 First Dates,2004,PG-13,s122,Movie,99
Carlos Ballarta: El amor es de putos,2016,TV-MA,s1220,Movie,67
Carlos Ballarta: Furia Ñera,2018,TV-MA,s1221,Movie,63
Carmel: Who Killed Maria Marta?,2020,TV-14,s1222,TV Show,1
Carmen Sandiego,2021,TV-Y7,s1223,TV Show,4
Carmen Sandiego: To Steal or Not to Steal,2020,TV-Y7,s1224,Movie,82
Carol,2015,R,s1225,Movie,119
CAROLE & TUESDAY,2019,TV-MA,s1226,TV Show,2
Carrie,1976,R,s1227,Movie,98
Carrie Pilby,2016,TV-MA,s1228,Movie,98
Carriers,2009,PG-13,s1229,Movie,85
50/50,2011,R,s123,Movie,100
Casa de mi Padre,2012,R,s1230,Movie,84
Casablancas: The Man Who Loved Women,2016,TV-14,s1231,Movie,82
Case,2015,TV-MA,s1232,TV Show,1
Case 39,2009,R,s1233,Movie,111
Case Closed,2015,TV-14,s1234,TV Show,1
Casino Royale,2006,PG-13,s1235,Movie,145
Casino Tycoon,1992,TV-MA,s1236,Movie,125
Casino Tycoon 2,1992,TV-MA,s1237,Movie,108
Casting JonBenet,2017,TV-14,s1238,Movie,81
Castle and Castle,2018,TV-MA,s1239,TV Show,1
5CM,2012,TV-14,s124,Movie,126
Castle of Stars,2015,TV-MA,s1240,TV Show,1
Castlevania,2020,TV-MA,s1241,TV Show,3
Cat on a Hot Tin Roof,1958,NR,s1242,Movie,108
Catch Me If You Can,2002,PG-13,s1243,Movie,141
Catching Feelings,2018,TV-MA,s1244,Movie,117
Catching the Sun,2015,TV-14,s1245,Movie,74
Catfight,2016,TV-MA,s1246,Movie,96
Cathedral of the Sea,2017,TV-MA,s1247,TV Show,1
Cats & Dogs: The Revenge of Kitty Galore,2010,PG,s1248,Movie,82
Catwalk: Tales from the Cat Show Circuit,2018,TV-PG,s1249,Movie,75
5Gang,2019,TV-14,s125,Movie,96
Caught on Camera,2015,TV-MA,s1250,TV Show,3
Cave,2016,TV-MA,s1251,Movie,77
Cedric the Entertainer: Live from the Ville,2016,TV-MA,s1252,Movie,60
Celebrity Marriage,2017,TV-PG,s1253,Movie,107
Cells at Work!,2018,TV-PG,s1254,TV Show,1
Celluloid Man,2012,TV-PG,s1255,Movie,156
Cemara's Family,2018,TV-G,s1256,Movie,110
Center Stage,2000,PG-13,s1257,Movie,116
Chaahat,1996,TV-14,s1258,Movie,148
Chaar Sahibzaade,2014,TV-PG,s1259,Movie,126
6 Balloons,2018,TV-MA,s126,Movie,75
Chadi Jawani Budhe Nu,1976,TV-PG,s1260,Movie,135
Chal Bhaag,2014,TV-14,s1261,Movie,110
Chal Dhar Pakad,2010,TV-14,s1262,Movie,129
Chal Mere Bhai,2000,TV-14,s1263,Movie,132
Chalay Thay Saath,2017,TV-14,s1264,Movie,118
Challenger,2020,TV-14,s1265,TV Show,1
Chalte Chalte,2003,TV-14,s1266,Movie,166
Chaman Bahaar,2020,TV-MA,s1267,Movie,112
Chamatkar,1992,TV-14,s1268,Movie,164
Chambers,2019,TV-MA,s1269,TV Show,1
6 Days,2017,R,s127,Movie,94
Chameli,2004,TV-14,s1270,Movie,102
Champions,2018,TV-14,s1271,TV Show,1
Chance Pe Dance,2010,TV-14,s1272,Movie,121
Chandani: The Daughter of the Elephant Whisperer,2010,TV-G,s1273,Movie,87
Change in the Air,2018,PG,s1274,Movie,95
Chaotic Love Poems,2016,TV-14,s1275,Movie,86
Chappaquiddick,2017,PG-13,s1276,Movie,106
Chappie,2015,R,s1277,Movie,121
Charité,2017,TV-MA,s1278,TV Show,1
Charité at War,2019,TV-MA,s1279,TV Show,1
6 Underground,2019,R,s128,Movie,129
Charlie and the Chocolate Factory,2005,PG,s1280,Movie,115
Charlie's Angels,2000,PG-13,s1281,Movie,98
Charlie's Angels: Full Throttle,2003,PG-13,s1282,Movie,106
Charlie's Colorforms City,2019,TV-Y,s1283,TV Show,1
Charlotte's Web,1973,G,s1284,Movie,94
Charmed,2019,TV-14,s1285,TV Show,2
Charming,2021,TV-Y7,s1286,Movie,85
Chashme Baddoor,2013,TV-14,s1287,Movie,121
Chashme Buddoor,2013,TV-PG,s1288,Movie,121
Chasing Amy,1997,R,s1289,Movie,113
6 Years,2015,TV-MA,s129,Movie,80
Chasing Cameron,2016,TV-14,s1290,TV Show,1
Chasing Coral,2017,TV-PG,s1291,Movie,89
Chasing Monsters,2016,TV-PG,s1292,TV Show,2
Chasing the Dragon,2017,TV-MA,s1293,Movie,129
Chasing Trane,2016,TV-PG,s1294,Movie,99
Chatô: The King of Brazil,2015,TV-MA,s1295,Movie,105
Chauthi Koot,2015,TV-14,s1296,Movie,116
Cheapest Weddings,2016,TV-14,s1297,TV Show,1
Check The Store Next Door: The Next Chapter,2020,TV-14,s1298,TV Show,2
Cheer,2020,TV-MA,s1299,TV Show,1
1994,2019,TV-MA,s13,TV Show,1
6-5=2,2014,TV-MA,s130,Movie,103
Cheer Squad,2016,TV-PG,s1300,TV Show,1
Cheers,1992,TV-PG,s1301,TV Show,11
Cheese in the Trap,2016,TV-14,s1302,TV Show,1
Chef,2014,R,s1303,Movie,115
Chef & My Fridge,2017,TV-PG,s1304,TV Show,2
Chef's Table,2019,TV-MA,s1305,TV Show,6
Chef's Table: BBQ,2020,TV-14,s1306,TV Show,1
Chef's Table: France,2016,TV-14,s1307,TV Show,1
Chelsea,2017,TV-MA,s1308,TV Show,2
Chelsea Does,2016,TV-MA,s1309,TV Show,1
60 Days In,2019,TV-MA,s131,TV Show,1
Chelsea Handler: Uganda Be Kidding Me Live,2014,TV-MA,s1310,Movie,71
Chelsea Peretti: One of the Greats,2014,TV-MA,s1311,Movie,75
Chennai Express,2013,TV-14,s1312,Movie,135
Chernobyl Diaries,2012,R,s1313,Movie,88
Cheuk Wan-Chi: Two Night Stand,2015,TV-MA,s1314,TV Show,1
Chewin' the Fat,1999,TV-14,s1315,TV Show,1
Chewing Gum,2017,TV-MA,s1316,TV Show,2
Chhota Bheem,2019,TV-Y,s1317,TV Show,1
Chhota Bheem and the Curse of Damyaan,2012,TV-Y7,s1318,Movie,87
Chhota Bheem Aur Kaala Yodha,2018,TV-Y7,s1319,Movie,63
68 Kill,2017,R,s132,Movie,96
Chhota Bheem Ka Romani Adventure,2018,TV-Y7,s1320,Movie,62
Chhota Bheem Ka Troll Se Takkar,2018,TV-Y7,s1321,Movie,62
Chhota Bheem Kung Fu Dhamaka Series,2019,TV-Y7,s1322,TV Show,1
Chhota Bheem Kungfu Dhamaka,2019,TV-Y7,s1323,Movie,112
Chicago Typewriter,2017,TV-14,s1324,TV Show,1
Chicken Kokkachi,2017,TV-14,s1325,Movie,113
Chicken Little,2005,G,s1326,Movie,82
Chicken Soup for the Soul's Being Dad,2018,TV-MA,s1327,TV Show,1
Chico Bon Bon and the Very Berry Holiday,2020,TV-Y,s1328,Movie,25
Chico Bon Bon: Monkey with a Tool Belt,2020,TV-Y,s1329,TV Show,4
7 (Seven),2019,TV-14,s133,TV Show,1
Chief Daddy,2018,TV-MA,s1330,Movie,98
Chief of Staff,2019,TV-14,s1331,TV Show,2
Child's Play,1988,R,s1332,Movie,87
Children of Adam,2020,TV-14,s1333,TV Show,1
Children of God,1994,TV-MA,s1334,Movie,63
Children of the Sea,2019,TV-PG,s1335,Movie,112
Children of the Whales,2017,TV-14,s1336,TV Show,1
Chill with Bob Ross,1994,TV-G,s1337,TV Show,1
Chillar Party,2011,TV-PG,s1338,Movie,127
Chilling Adventures of Sabrina,2020,TV-14,s1339,TV Show,4
7 años,2016,TV-MA,s134,Movie,77
China Salesman,2017,TV-MA,s1340,Movie,111
Chingo Bling: They Can't Deport Us All,2017,TV-MA,s1341,Movie,63
Chip and Potato,2019,TV-Y,s1342,TV Show,2
Chippa,2020,TV-14,s1343,Movie,92
Chittagong,2012,NR,s1344,Movie,105
Chitty Chitty Bang Bang,1968,G,s1345,Movie,146
Chloe,2009,R,s1346,Movie,96
Chocolate,2019,TV-14,s1347,TV Show,1
Chocolate City: Vegas Strip,2017,TV-MA,s1348,Movie,90
Choked: Paisa Bolta Hai,2020,TV-14,s1349,Movie,114
7 Days Out,2018,TV-PG,s135,TV Show,1
Chopsticks,2019,TV-MA,s1350,Movie,101
Chosen,2019,TV-14,s1351,TV Show,2
Chris Brown: Welcome to My Life,2017,TV-MA,s1352,Movie,80
Chris D'Elia: Incorrigible,2015,TV-MA,s1353,Movie,84
Chris D'Elia: Man on Fire,2017,TV-MA,s1354,Movie,66
Chris D'Elia: No Pain,2020,TV-MA,s1355,Movie,55
Chris Rock Total Blackout: The Tamborine Extended Cut,2021,TV-MA,s1356,Movie,98
Chris Rock: Tamborine,2018,TV-MA,s1357,Movie,65
Chris Tucker Live,2015,TV-MA,s1358,Movie,92
Christian Mingle,2014,PG,s1359,Movie,99
7 Din Mohabbat In,2018,TV-PG,s136,Movie,137
Christiane Amanpour: Sex & Love Around the World,2018,TV-MA,s1360,TV Show,1
Christina P: Mother Inferior,2017,TV-MA,s1361,Movie,59
Christine,2016,R,s1362,Movie,119
Christmas Break-In,2019,TV-PG,s1363,Movie,87
Christmas Crossfire,2020,TV-MA,s1364,Movie,106
Christmas Crush,2012,TV-PG,s1365,Movie,87
Christmas in the Heartland,2017,TV-PG,s1366,Movie,112
Christmas in the Smokies,2015,TV-G,s1367,Movie,88
Christmas Inheritance,2017,TV-G,s1368,Movie,105
Christmas Survival,2018,TV-MA,s1369,Movie,101
7 Khoon Maaf,2011,TV-MA,s137,Movie,148
Christmas Wedding Planner,2017,PG,s1370,Movie,86
Christmas with a Prince,2018,TV-PG,s1371,Movie,86
Christmas With A View,2018,TV-PG,s1372,Movie,91
Christmas with the Kranks,2004,PG,s1373,Movie,99
Christopher Robin,2018,PG,s1374,Movie,104
Chronically Metropolitan,2016,TV-MA,s1375,Movie,86
Chronicle of an Escape,2006,R,s1376,Movie,104
"ChuChu TV Kids Songs, Learning Videos & Bedtime Stories",2019,TV-Y,s1377,TV Show,1
ChuChu TV Nursery Rhymes & Kids Songs (Hindi),2019,TV-Y,s1378,TV Show,1
ChuChuTV Bedtime Stories & Moral Stories for Kids (English),2019,TV-Y,s1379,Movie,47
72 Cutest Animals,2016,TV-PG,s138,TV Show,1
ChuChuTV Bedtime Stories & Moral Stories for Kids (Hindi),2019,TV-Y,s1380,Movie,56
ChuChuTV Surprise Eggs Learning Videos (English),2019,TV-Y,s1381,Movie,61
ChuChuTV Surprise Eggs Learning Videos (Hindi),2019,TV-Y,s1382,Movie,34
Chuck Chicken,2017,TV-Y7,s1383,TV Show,1
Chup Chup Ke,2006,TV-PG,s1384,Movie,158
Chupan Chupai,2017,TV-14,s1385,Movie,118
Chupke Chupke,1975,TV-PG,s1386,Movie,127
Churchill’s Secret Agents: The New Recruits,2018,TV-MA,s1387,TV Show,1
CIA: Comrade in America,2017,TV-14,s1388,Movie,130
Cinar Agaci,2011,TV-14,s1389,Movie,115
72 Dangerous Animals: Asia,2018,TV-14,s139,TV Show,1
Cinderella and the Four Knights,2016,TV-PG,s1390,TV Show,1
Cinta 100KG,2016,TV-14,s1391,TV Show,1
Cinta Iris,2015,TV-PG,s1392,TV Show,1
Cinta Si Wedding Planner,2015,TV-14,s1393,TV Show,1
Cinta Teruna Kimchi,2016,TV-PG,s1394,TV Show,1
Circle,2015,TV-MA,s1395,Movie,86
Circus of Books,2020,TV-MA,s1396,Movie,87
Cirque du Freak: The Vampire's Assistant,2009,PG-13,s1397,Movie,109
Citation,2020,TV-MA,s1398,Movie,151
Cities of Last Things,2018,TV-MA,s1399,Movie,106
"2,215",2018,TV-MA,s14,Movie,89
72 Dangerous Animals: Latin America,2017,TV-14,s140,TV Show,1
City in the Sky,2016,TV-PG,s1400,TV Show,1
City of God,2002,R,s1401,Movie,130
City of God: 10 Years Later,2013,TV-MA,s1402,Movie,69
City of Joy,2018,TV-MA,s1403,Movie,77
City of Tiny Lights,2016,TV-MA,s1404,Movie,110
Civilizations,2018,TV-14,s1405,TV Show,1
Clair Obscur,2016,TV-MA,s1406,Movie,102
CLANNAD,2008,TV-PG,s1407,TV Show,2
Clarence Clemons: Who Do I Think I Am?,2019,TV-MA,s1408,Movie,88
Clash of the Titans,2010,PG-13,s1409,Movie,106
72 Dangerous Places to Live,2016,TV-PG,s141,TV Show,1
Class of '61,1993,TV-PG,s1410,Movie,91
Class of '83,2020,TV-14,s1411,Movie,98
Class Rank,2018,TV-MA,s1412,Movie,103
Classic Legends,2012,TV-PG,s1413,TV Show,1
Cleo & Cuquin,2020,TV-Y,s1414,TV Show,2
Cleopatra Jones,1973,PG,s1415,Movie,89
Cleverman,2017,TV-MA,s1416,TV Show,1
Click,2006,PG-13,s1417,Movie,108
Click for Murder,2017,TV-14,s1418,TV Show,1
Clinical,2017,TV-MA,s1419,Movie,104
7SEEDS,2020,TV-MA,s142,TV Show,2
Clive Davis: The Soundtrack of Our Lives,2017,TV-MA,s1420,Movie,124
Close,2019,TV-MA,s1421,Movie,95
Close Enemies,2018,TV-MA,s1422,Movie,112
Close Your Eyes Before It’s Dark,2016,TV-14,s1423,TV Show,1
Closed Circuit,2013,R,s1424,Movie,96
Cloud Atlas,2012,R,s1425,Movie,172
Clouds of Sils Maria,2014,R,s1426,Movie,124
Cloudy with a Chance of Meatballs,2009,PG,s1427,Movie,90
Cloudy with a Chance of Meatballs 2,2013,PG,s1428,Movie,95
Cloverfield,2008,PG-13,s1429,Movie,85
9 Months That Made You,2016,TV-PG,s143,TV Show,1
"Club de Cuervos Presents: I, Potro",2018,TV-MA,s1430,Movie,51
Club de Cuervos Presents: The Ballad of Hugo Sánchez,2018,TV-MA,s1431,TV Show,1
Club Friday The Series 6,2015,TV-MA,s1432,TV Show,9
Club Friday The Series 7,2016,TV-MA,s1433,TV Show,7
Club Friday The Series 8,2017,TV-MA,s1434,TV Show,8
Club Friday To Be Continued - Friend & Enemy,2016,TV-MA,s1435,TV Show,1
Club Friday To Be Continued - My Beautiful Tomboy,2016,TV-MA,s1436,TV Show,1
Club Friday To Be Continued - The Promise,2016,TV-MA,s1437,TV Show,1
Club of Crows,2019,TV-MA,s1438,TV Show,4
Coach Carter,2005,PG-13,s1439,Movie,137
90 ML,2019,TV-MA,s144,Movie,123
Coach Snoop,2018,TV-MA,s1440,TV Show,1
Cobra Kai,2021,TV-14,s1441,TV Show,3
Cocaine,2005,TV-14,s1442,TV Show,1
Cocaine Coast,2018,TV-MA,s1443,TV Show,1
Coco y Raulito: Carrusel de ternura,2018,TV-MA,s1444,Movie,57
Cocomelon,2020,TV-Y,s1445,TV Show,2
Cocomong,2015,TV-Y,s1446,TV Show,2
Code 8,2019,TV-MA,s1447,Movie,98
Code Geass: Lelouch of the Rebellion,2008,TV-MA,s1448,TV Show,2
Code Lyoko,2007,TV-Y7,s1449,TV Show,4
93 Days,2016,TV-PG,s145,Movie,121
Code Name: The Cleaner,2007,PG-13,s1450,Movie,91
Coffee & Kareem,2020,TV-MA,s1451,Movie,88
Coffee for All,2017,TV-PG,s1452,Movie,69
Coffee with D,2017,TV-PG,s1453,Movie,120
Coin Heist,2017,TV-14,s1454,Movie,98
Cold Case Files,2017,TV-14,s1455,TV Show,1
Cold Case Files Classic,1999,TV-MA,s1456,TV Show,1
Cold Feet,2019,TV-14,s1457,Movie,98
Cold Harbour,2013,TV-MA,s1458,Movie,73
Colin Quinn: Red State Blue State,2019,TV-14,s1459,Movie,66
A 2nd Chance,2011,PG,s146,Movie,95
Colin Quinn: The New York Story,2016,TV-MA,s1460,Movie,62
Colin Quinn: Unconstitutional,2015,TV-MA,s1461,Movie,56
Colkatay Columbus,2016,TV-14,s1462,Movie,118
Collateral,2018,TV-MA,s1463,TV Show,1
College Romance,2018,TV-MA,s1464,TV Show,1
Colonia,2015,R,s1465,Movie,110
Colony,2018,TV-14,s1466,TV Show,3
Color of Woman,2012,TV-PG,s1467,TV Show,1
Colours of Passion,2008,TV-14,s1468,Movie,114
Come and Find Me,2016,R,s1469,Movie,112
A 3 Minute Hug,2019,TV-PG,s147,Movie,28
Come Sunday,2018,TV-14,s1470,Movie,105
Comedians in Cars Getting Coffee,2019,TV-14,s1471,TV Show,6
COMEDIANS of the world,2019,TV-MA,s1472,TV Show,13
Comedy Bang! Bang!,2016,TV-14,s1473,TV Show,5
Comedy High School,2018,TV-14,s1474,TV Show,1
Command and Control,2017,TV-PG,s1475,Movie,92
Community,2015,TV-14,s1476,TV Show,6
Como caído del cielo,2019,TV-14,s1477,Movie,117
Company,2002,TV-MA,s1478,Movie,137
Compulsion,2016,TV-MA,s1479,Movie,84
A Babysitter's Guide to Monster Hunting,2020,TV-PG,s148,Movie,99
Conan Without Borders,2018,TV-14,s1480,TV Show,1
Concrete Football,2016,TV-MA,s1481,Movie,52
Concussion,2013,R,s1482,Movie,96
Conjuring Spirit,2014,TV-MA,s1483,Movie,112
Connected,2020,TV-14,s1484,TV Show,1
Conor McGregor: Notorious,2017,R,s1485,Movie,90
Consequences,2014,TV-MA,s1486,Movie,106
Consequences ,2014,TV-MA,s1487,Movie,106
Conspiracy,2015,TV-14,s1488,TV Show,1
Containment,2016,TV-MA,s1489,TV Show,1
A Bad Moms Christmas,2017,R,s149,Movie,104
Contract,2008,TV-14,s1490,Movie,116
Control Z,2020,TV-MA,s1491,TV Show,1
Conversations with a Killer: The Ted Bundy Tapes,2019,TV-MA,s1492,TV Show,1
Convict,2014,TV-14,s1493,Movie,97
Cook Off,2017,TV-G,s1494,Movie,100
Cooked,2016,TV-14,s1495,TV Show,1
Cooked with Cannabis,2020,TV-MA,s1496,TV Show,1
Cooking on High,2018,TV-MA,s1497,TV Show,1
Cool Hand Luke,1967,TV-14,s1498,Movie,127
Cop and a Half: New Recruit,2017,PG,s1499,Movie,96
3022,2019,R,s15,Movie,91
A Beautiful Life,2011,TV-14,s150,Movie,122
Cop Car,2015,R,s1500,Movie,88
Cop Watchers,2016,TV-MA,s1501,Movie,45
Cops and Robbers,2020,PG-13,s1502,Movie,8
Coraline,2009,PG,s1503,Movie,101
"Coronavirus, Explained",2020,TV-PG,s1504,TV Show,1
Cosmos Laundromat: First Cycle,2015,TV-MA,s1505,Movie,12
Countdown to Death: Pablo Escobar,2017,TV-MA,s1506,Movie,69
Counterfeiting in Suburbia,2018,TV-14,s1507,Movie,88
Counterpunch,2017,TV-MA,s1508,Movie,91
Country Ever After,2020,TV-PG,s1509,TV Show,1
A Billion Colour Story,2016,TV-14,s151,Movie,104
Couple of Days,2016,TV-14,s1510,Movie,103
Couples Counseling,2016,TV-MA,s1511,Movie,88
Court Justice,2017,TV-MA,s1512,TV Show,1
Covered: Alive in Asia,2016,TV-G,s1513,Movie,75
Cowspiracy: The Sustainability Secret,2014,TV-PG,s1514,Movie,90
"Crack: Cocaine, Corruption & Conspiracy",2021,TV-MA,s1515,Movie,90
Cracked Up: The Darrell Hammond Story,2018,TV-MA,s1516,Movie,97
Craig Ferguson: Tickle Fight,2017,TV-MA,s1517,Movie,67
Crash,2004,R,s1518,Movie,112
Crash Landing on You,2019,TV-14,s1519,TV Show,1
A Boy Called Po,2016,PG,s152,Movie,94
Crashing,2016,TV-MA,s1520,TV Show,1
Crazy Awesome Teachers,2020,TV-PG,s1521,Movie,102
Crazy Beautiful You,2015,TV-14,s1522,Movie,114
Crazy Delicious,2020,TV-PG,s1523,TV Show,1
Crazy Ex-Girlfriend,2019,TV-MA,s1524,TV Show,4
Crazy people,2018,TV-MA,s1525,Movie,107
"Crazy, Lovely, Cool",2018,TV-MA,s1526,TV Show,1
Crazyhead,2016,TV-MA,s1527,TV Show,1
CRD,2016,TV-MA,s1528,Movie,110
Creating The Queen's Gambit,2021,TV-14,s1529,Movie,14
A Boy Name Flora A,2017,TV-MA,s153,TV Show,1
Creators,2015,TV-Y,s1530,TV Show,2
Creep,2014,R,s1531,Movie,78
Creep 2,2017,TV-MA,s1532,Movie,80
Creeped Out,2019,TV-PG,s1533,TV Show,2
Cricket Fever: Mumbai Indians,2019,TV-MA,s1534,TV Show,1
Crime Diaries: Night Out,2019,TV-MA,s1535,TV Show,1
Crime Diaries: The Candidate,2019,TV-MA,s1536,TV Show,1
Crime Time,2017,TV-MA,s1537,TV Show,1
Criminal Minds,2017,TV-14,s1538,TV Show,12
Criminal: France,2019,TV-MA,s1539,TV Show,1
A Bridge Too Far,1977,PG,s154,Movie,176
Criminal: Germany,2019,TV-MA,s1540,TV Show,1
Criminal: Spain,2019,TV-MA,s1541,TV Show,1
Criminal: UK,2020,TV-MA,s1542,TV Show,2
Crip Camp: A Disability Revolution,2020,R,s1543,Movie,108
Cristela Alonzo: Lower Classy,2017,TV-MA,s1544,Movie,67
Cristina,2016,TV-14,s1545,Movie,40
Crossroads: One Two Jaga,2018,TV-14,s1546,Movie,81
"Crouching Tiger, Hidden Dragon",2000,PG-13,s1547,Movie,120
"Crouching Tiger, Hidden Dragon: Sword of Destiny",2016,PG-13,s1548,Movie,101
Cuba and the Cameraman,2017,TV-14,s1549,Movie,114
A California Christmas,2020,PG-13,s155,Movie,107
Cuckoo,2019,TV-MA,s1550,TV Show,5
Cuddle Weather,2019,TV-MA,s1551,Movie,95
Cult of Chucky,2017,R,s1552,Movie,90
Cultivating the Seas: History and Future of the Full-Cycle Cultured Kindai Tuna,2019,TV-PG,s1553,Movie,45
Cupcake & Dino - General Services,2019,TV-Y7,s1554,TV Show,2
Curon,2020,TV-MA,s1555,TV Show,1
Cursed,2020,TV-MA,s1556,TV Show,1
Curtiz,2018,TV-MA,s1557,Movie,99
Cut Bank,2014,R,s1558,Movie,93
Cutie and the Boxer,2013,R,s1559,Movie,82
A Champion Heart,2018,G,s156,Movie,90
Cuties,2020,TV-MA,s1560,Movie,96
Cyborg 009 VS Devilman,2015,TV-MA,s1561,TV Show,1
Cyborg 009: Call of Justice,2017,TV-14,s1562,TV Show,1
Cycle,2018,TV-PG,s1563,Movie,96
D.L. Hughley: Clear,2014,TV-MA,s1564,Movie,59
D.L. Hughley: Contrarian,2018,TV-MA,s1565,Movie,58
Déjà Vu,2013,TV-14,s1566,TV Show,1
Dérè: An African Tale,2016,TV-PG,s1567,TV Show,1
Düğün Dernek,2013,TV-PG,s1568,Movie,102
Dügün Dernek 2: Sünnet,2015,TV-MA,s1569,Movie,107
A Chaster Marriage,2016,TV-14,s157,Movie,94
Da 5 Bloods,2020,R,s1570,Movie,156
Da Kath & Kim Code,2005,TV-PG,s1571,Movie,82
Daagdi Chaawl,2015,TV-14,s1572,Movie,118
Dabbe 5: Zehr-i Cin,2014,TV-MA,s1573,Movie,133
Dabbe 6: The Return,2015,TV-MA,s1574,Movie,153
Dabbe: The Possession,2013,TV-MA,s1575,Movie,135
Dad,1989,PG,s1576,Movie,117
Dad Wanted,2020,TV-14,s1577,Movie,103
Dad's Army,1977,TV-PG,s1578,TV Show,10
Daddy Day Care,2003,PG,s1579,Movie,93
A Choo,2020,TV-14,s158,Movie,101
Daddy Issues,2019,TV-MA,s1580,Movie,82
Daemonium,2015,NR,s1581,Movie,115
Daffedar,2017,TV-14,s1582,Movie,151
Dagh Ujala,2015,TV-MA,s1583,Movie,103
Dallas Buyers Club,2013,R,s1584,Movie,117
Damnation,2017,TV-MA,s1585,TV Show,1
"Dana Carvey: Straight White Male, 60",2016,TV-MA,s1586,Movie,64
Dance & Sing with True,2018,TV-Y,s1587,TV Show,1
Dance Academy,2013,TV-PG,s1588,TV Show,1
Dance Academy: The Comeback,2017,TV-PG,s1589,Movie,100
A Christmas Catch,2018,TV-G,s159,Movie,87
Dance Dreams: Hot Chocolate Nutcracker,2020,TV-G,s1590,Movie,81
Dancing Angels,2016,TV-PG,s1591,TV Show,1
Dancing Queen,2018,TV-14,s1592,TV Show,1
Dancing Quietly,2016,TV-MA,s1593,Movie,70
Dancing with the Birds,2019,TV-PG,s1594,Movie,52
Dandy,2016,TV-MA,s1595,TV Show,1
Dangal,2016,TV-PG,s1596,Movie,161
Danger Mouse,2016,TV-Y7,s1597,TV Show,2
Danger Mouse: Classic Collection,1992,TV-Y,s1598,TV Show,10
Dangerous Lies,2020,TV-14,s1599,Movie,97
01-Oct,2014,TV-14,s16,Movie,149
A Christmas Prince,2017,TV-PG,s160,Movie,92
Dangerous Roads,2012,TV-MA,s1600,TV Show,2
Daniel Sloss: Live Shows,2018,TV-MA,s1601,TV Show,1
Daniel Sosa: Maleducado,2019,TV-MA,s1602,Movie,55
Daniel Sosa: Sosafado,2017,TV-MA,s1603,Movie,78
Danny Says,2015,TV-MA,s1604,Movie,103
Dante's Peak,1997,PG-13,s1605,Movie,108
Danur: I Can See Ghosts,2017,TV-MA,s1606,Movie,75
Dany Boon: Des Hauts De France,2018,TV-MA,s1607,Movie,113
Darc,2018,TV-MA,s1608,Movie,98
Dare Me,2019,TV-MA,s1609,TV Show,1
A Christmas Prince: The Royal Baby,2019,TV-PG,s161,Movie,85
Dare to Be Wild,2015,TV-PG,s1610,Movie,100
Dark,2020,TV-MA,s1611,TV Show,3
Dark Chocolate (Bengali Version),2016,TV-MA,s1612,Movie,91
Dark Crimes,2016,R,s1613,Movie,93
Dark Desire,2020,TV-MA,s1614,TV Show,1
Dark Forces,2020,TV-MA,s1615,Movie,81
Dark Light,2019,TV-MA,s1616,Movie,90
Dark Matter,2017,TV-PG,s1617,TV Show,3
Dark Places,2015,R,s1618,Movie,113
Dark Skies,2013,PG-13,s1619,Movie,97
A Christmas Prince: The Royal Wedding,2018,TV-PG,s162,Movie,93
Dark Tourist,2018,TV-MA,s1620,TV Show,1
Dark Waters,1956,TV-14,s1621,Movie,104
Darna Mana Hai,2003,TV-MA,s1622,Movie,116
Darr Sabko Lagta Hai,2015,TV-MA,s1623,TV Show,1
Darra,2016,TV-14,s1624,Movie,121
DASH & LILY,2020,TV-14,s1625,TV Show,1
Dating Around,2020,TV-MA,s1626,TV Show,2
Dating Around: Brazil,2020,TV-14,s1627,TV Show,1
Daughters of Destiny,2017,TV-14,s1628,TV Show,1
Daughters of the Dust,1991,NR,s1629,Movie,112
A Christmas Special: Miraculous: Tales of Ladybug & Cat Noir,2016,TV-Y7,s163,Movie,22
Dave Chappelle,2017,TV-MA,s1630,TV Show,1
Dave Chappelle: Equanimity & The Bird Revelation,2017,TV-MA,s1631,TV Show,1
Dave Chappelle: Sticks & Stones,2019,TV-MA,s1632,Movie,66
Dave Chappelle: The Kennedy Center Mark Twain Prize for American Humor,2020,TV-MA,s1633,Movie,85
David Attenborough: A Life on Our Planet,2020,PG,s1634,Movie,84
David Batra: Elefanten i rummet,2020,TV-MA,s1635,Movie,77
David Brent: Life on the Road,2016,TV-MA,s1636,Movie,97
David Cross: Making America Great Again!,2016,TV-MA,s1637,Movie,73
David Foster: Off the Record,2019,TV-MA,s1638,Movie,107
Dawai Asmara,2016,TV-14,s1639,TV Show,1
A Cinderella Story,2004,PG,s164,Movie,95
Dawn of the Croods,2017,TV-Y7,s1640,TV Show,4
Dawson's Creek,2002,TV-14,s1641,TV Show,6
Day and Night,2017,TV-MA,s1642,TV Show,1
Day of the Dead: Bloodline,2018,R,s1643,Movie,91
Daybreak,2019,TV-MA,s1644,TV Show,1
Days We Stared at the Sun,2017,TV-MA,s1645,TV Show,2
Dayveon,2017,TV-MA,s1646,Movie,76
DC Super Hero Girls,2019,TV-Y7,s1647,TV Show,1
DC's Legends of Tomorrow,2020,TV-14,s1648,TV Show,5
De Film van Dylan Haegens,2018,TV-PG,s1649,Movie,81
A Cinderella Story: Christmas Wish,2019,PG,s165,Movie,86
De Palma,2015,R,s1650,Movie,110
Dead in a Week (Or Your Money Back),2018,TV-MA,s1651,Movie,90
Dead Kids,2019,TV-MA,s1652,Movie,94
Dead Set,2008,TV-MA,s1653,TV Show,1
Dead to Me,2020,TV-MA,s1654,TV Show,2
Deadcon,2019,TV-14,s1655,Movie,78
Deadline: Sirf 24 Ghante,2006,TV-14,s1656,Movie,97
Deadly Scholars,2018,TV-14,s1657,Movie,86
Deadly Switch,2019,TV-PG,s1658,Movie,86
Deadwind,2020,TV-MA,s1659,TV Show,2
A Clockwork Orange,1971,R,s166,Movie,137
Deaf U,2020,TV-MA,s1660,TV Show,1
Dean,2016,PG-13,s1661,Movie,94
Dear Dad,2016,TV-14,s1662,Movie,83
Dear Dracula,2012,TV-Y7-FV,s1663,Movie,43
Dear Ex,2018,TV-MA,s1664,Movie,100
Dear My Friends,2016,TV-MA,s1665,TV Show,1
Dear Santa,2011,TV-PG,s1666,Movie,92
Dear White People,2019,TV-MA,s1667,TV Show,3
Dear Zindagi,2016,TV-14,s1668,Movie,149
Death at a Funeral,2010,R,s1669,Movie,93
A Dangerous Woman,1993,R,s167,Movie,101
Death by Magic,2018,TV-PG,s1670,TV Show,1
Death Can Wait,2020,TV-14,s1671,Movie,91
Death House,2017,R,s1672,Movie,88
Death Note,2017,TV-MA,s1673,Movie,100
Death of Me,2020,R,s1674,Movie,94
Death Race: Beyond Anarchy,2017,R,s1675,Movie,111
Death to 2020,2020,TV-MA,s1676,Movie,71
Deathgrip,2017,TV-MA,s1677,Movie,53
Dedemin Fisi,2016,TV-14,s1678,Movie,101
Dedh Ishqiya,2014,TV-14,s1679,Movie,146
A Fairly Odd Summer,2014,TV-Y7,s168,Movie,68
Deep,2017,PG,s1680,Movie,93
Deep Undercover Collection,2017,TV-MA,s1681,TV Show,3
Deep Water,2016,TV-MA,s1682,TV Show,1
Deewana Main Deewana,2013,TV-14,s1683,Movie,107
Deewangee,2002,TV-MA,s1684,Movie,156
Def Comedy Jam 25,2017,TV-MA,s1685,Movie,82
Defiance,2008,R,s1686,Movie,137
Defying the Nazis: The Sharps' War,2016,TV-14,s1687,Movie,79
Degrassi: Next Class,2017,TV-14,s1688,TV Show,4
Deidra & Laney Rob a Train,2017,TV-14,s1689,Movie,92
A Fall from Grace,2020,TV-MA,s169,Movie,121
Delhi 6,2009,TV-14,s1690,Movie,128
Delhi Belly,2011,TV-MA,s1691,Movie,101
Delhi Crime,2019,TV-MA,s1692,TV Show,1
Deliha,2014,TV-14,s1693,Movie,102
Deliha 2,2018,TV-PG,s1694,Movie,102
Delirium,2018,R,s1695,Movie,96
DeMarcus Family Rules,2020,TV-14,s1696,TV Show,1
Demetri Martin: Live (At the Time),2015,TV-MA,s1697,Movie,62
Demetri Martin: The Overthinker,2018,TV-MA,s1698,Movie,56
Democrats,2014,NR,s1699,Movie,99
09-Feb,2018,TV-14,s17,TV Show,1
A Family Affair,2015,TV-PG,s170,Movie,111
Demon's Path,2018,TV-14,s1700,TV Show,1
Demonic,2015,R,s1701,Movie,83
Den of Thieves,2018,R,s1702,Movie,140
Denis Leary: No Cure For Cancer,1992,R,s1703,Movie,62
Dennis and Gnasher Unleashed,2017,TV-Y,s1704,TV Show,1
Deon Cole: Cole Hearted,2019,TV-MA,s1705,Movie,70
DeRay Davis: How to Act Black,2017,TV-MA,s1706,Movie,66
Derek,2015,TV-MA,s1707,TV Show,3
Derren Brown: Miracle,2018,TV-MA,s1708,Movie,74
Derren Brown: Sacrifice,2018,TV-MA,s1709,Movie,50
A Family Man,2016,R,s171,Movie,110
Derren Brown: The Push,2018,TV-MA,s1710,Movie,69
Derry Girls,2019,TV-MA,s1711,TV Show,2
Designated Survivor,2019,TV-MA,s1712,TV Show,3
Designated Survivor: 60 Days,2019,TV-14,s1713,TV Show,1
Desire,2017,TV-MA,s1714,Movie,94
Desolate,2018,TV-MA,s1715,Movie,88
Desolation,2017,TV-MA,s1716,Movie,76
